_id,merchTitle,merchPrice,merchOld,merchEvent,textName,textDate,textLevel,textContent
65f8149b1d9dbce4e6c2abcf,hy 떠먹는 윌 450g,2980,,false,p36*******,2024.01.06,5,너무너무맛있네요..마시는제품먹다가 떠먹는것도 사봤는데 맛있네요..
65f8149b1d9dbce4e6c2abd0,hy 떠먹는 윌 450g,2980,,false,ysh*******,2024.03.11,5,윌이 떠먹는 요구르트가 있는지 몰랐어요. 용량이 커서 좋아요
65f8149b1d9dbce4e6c2abd1,hy 떠먹는 윌 450g,2980,,false,woo*******,2024.03.09,5,"배달 편리합니다, 잘받았습니다."
65f8149b1d9dbce4e6c2abd2,hy 떠먹는 윌 450g,2980,,false,woo*******,2024.03.07,5,배달 편리해서 좋아요.
65f8149b1d9dbce4e6c2abd3,hy 떠먹는 윌 450g,2980,,false,rnr*******,2024.03.06,5,떠먹기도하고 마시기도하는데 윌은진짜다맛있네요
65f8149c1d9dbce4e6c2abd4,hy 떠먹는 윌 450g,2980,,false,spe*******,2024.03.01,5,좋아요 맘에들어요 잘왔어요 감사합니다
65f8149c1d9dbce4e6c2abd5,hy 떠먹는 윌 450g,2980,,false,jiy*******,2024.02.25,5,빠른 배송. 합리적인 가격. 좋아요.
65f8149c1d9dbce4e6c2abd6,hy 떠먹는 윌 450g,2980,,false,sie*******,2024.02.20,5,매번사먹는데 맛있어요
65f8149c1d9dbce4e6c2abd7,hy 떠먹는 윌 450g,2980,,false,jad*******,2024.02.17,5,위가 안돟아서이라 항상 요거츠은 윌이예요
65f8149c1d9dbce4e6c2abd8,hy 떠먹는 윌 450g,2980,,false,woo*******,2024.02.16,5,잘받았습니다 시식전입니다.
65f8149d1d9dbce4e6c2abd9,hy 떠먹는 윌 450g,2980,,false,cha*******,2024.02.10,5,한국야쿠르트 윌 떠먹으니 배부르고 좋네요
65f8149d1d9dbce4e6c2abda,hy 떠먹는 윌 450g,2980,,false,mon*******,2024.01.23,5,마시는 윌은 알지만 떠먹는 윌~ 맛있어요 딱 마시는윌 맛~~~~
65f8149d1d9dbce4e6c2abdb,hy 떠먹는 윌 450g,2980,,false,vjc*******,2024.01.18,5,첫구매 맛 기대할께요
65f8149d1d9dbce4e6c2abdc,hy 떠먹는 윌 450g,2980,,false,mal*******,2024.01.13,5,잘먹었습니다 재주문할게요
65f8149d1d9dbce4e6c2abdd,hy 떠먹는 윌 450g,2980,,false,jad*******,2024.01.06,5,위에 조ㅗ은 유산균이라 자주 먹어요
65f8149d1d9dbce4e6c2abde,hy 떠먹는 윌 450g,2980,,false,mel*******,2023.07.22,5,맛있어서 끼니챙길때 같이 먹어요!!!! 토핑없이 그냥 먹어도 살짝 새콤하니 맛있어요!!
65f8149d1d9dbce4e6c2abdf,hy 떠먹는 윌 450g,2980,,false,lmj*******,2024.03.13,5,그레놀라랑 냉동 트리플베리 넣어서 먹었어요 ㅋㅋ 그냥먹어도 맛있고 이렇게 해서 먹어도 맛있어요 ㅋㅋ
65f8149d1d9dbce4e6c2abe0,hy 떠먹는 윌 450g,2980,,false,blu*******,2024.03.06,5,그릭요거트는 밍밍해서 맛이 없고 과일첨가된것은 많이 달고 해서 윌로 먹는데 견과류 넣어 먹으니 딱 좋아요
65f8149d1d9dbce4e6c2abe1,hy 떠먹는 윌 450g,2980,,false,shy*******,2024.03.03,5,최고에요. 양도많고 맛도좋고. 저혼자 자꾸 다 먹어요. 애들은 먹어볼생각도 안하네요. 계속 구매하려구요.
65f8149d1d9dbce4e6c2abe2,hy 떠먹는 윌 450g,2980,,false,mel*******,2024.02.12,5,요거트 좋아해서 이것저것 다 경험해보고 정착한 상품이에요! 너무 묽지도 산미가 세지도 않고 시간 흘러 수분이랑 분리도 안되고 좋아요!
65f8149e1d9dbce4e6c2abe3,hy 떠먹는 윌 450g,2980,,false,myp*******,2024.02.02,5,가격이 갑자기 내려서 여러개 쟁여 놓고 먹고 있어요. 마시는 윌이 떠먹는 윌로... 전 아주 만족스럽습니다.
65f8149e1d9dbce4e6c2abe4,hy 떠먹는 윌 450g,2980,,false,fis*******,2024.01.10,5,위장이 안조아서 아침 챙겨먹고잇는데 아침용으로 구매햇어요. 가격도 다른거 비교해 덜 비싸고 위에좋다하니 잘구매햇어요
65f8149e1d9dbce4e6c2abe5,hy 떠먹는 윌 450g,2980,,false,ooj*******,2023.12.10,5,요즘 떠먹 요구트는 이것만 먹게 되네요.
65f8149f1d9dbce4e6c2abe6,hy 떠먹는 윌 450g,2980,,false,eek*******,2023.12.05,3,한번씩 먹는건데요.맛있어서 주문했어요. 조금전 집앞에 놔두면서 뭔가 터지는 소리 났어요. 다른 상품 괜찮아서 배송상태 괜찮다고 별 5개줬더니 요거트 보는순간 엉망이네요.
65f8149f1d9dbce4e6c2abe7,hy 떠먹는 윌 450g,2980,,false,tak*******,2023.12.02,5,한번 먹어보고싶어서 구매했어요.아이들은 이런걸 안먹어서 제가 먹는걸로.단맛이 강하지않아서 좋고 라뷰에 있던대로 우유랑 썪어서 마시는 요거트로 마셔도 좋네요.가격도 착하고 만족.
65f8149f1d9dbce4e6c2abe8,hy 떠먹는 윌 450g,2980,,false,zer*******,2023.11.23,5,잘받았습니다 감사합니다
65f8149f1d9dbce4e6c2abe9,hy 떠먹는 윌 450g,2980,,false,hah*******,2023.11.18,5,좀 단맛이 있어서 좋아요.
65f8149f1d9dbce4e6c2abea,hy 떠먹는 윌 450g,2980,,false,wsb*******,2023.11.15,5,위에 좋을듯 해서 구입했는데 가격도 저렴하고 괜찮네요
65f8149f1d9dbce4e6c2abeb,hy 떠먹는 윌 450g,2980,,false,Khj*******,2023.11.05,5,윌에서 나온거 이거 물건입니다 맛있어요
65f8149f1d9dbce4e6c2abec,hy 떠먹는 윌 450g,2980,,false,mso*******,2023.11.04,5,걸쭉한 요거트인데 우유랑 섞어서 마시고 있어욬
65f814a01d9dbce4e6c2abed,hy 떠먹는 윌 450g,2980,,false,k36*******,2023.11.01,5,처음 구매해요. 맛있겠죠.
65f814a01d9dbce4e6c2abee,hy 떠먹는 윌 450g,2980,,false,yoo*******,2023.09.15,5,오늘은 아쉽게도 뚜껑 플라스틱이 깨져서 배송됏어요~ 먹는 요거트중 입맛에 젤 맞아서 선호해요~
65f814a01d9dbce4e6c2abef,hy 떠먹는 윌 450g,2980,,false,ssl*******,2023.05.28,5,"마시는 윌은 구입한 적이 있지만, 이렇듯 떠먹는 대용량 윌은 처음 구입합니다. 양도 많고,, 기능성이다보니... 위에 좋다고는 하지만, 변비에도 긍정적인 영향을 끼칠 것이라 생각하고 구입했습니다."
65f814a01d9dbce4e6c2abf0,hy 떠먹는 윌 450g,2980,,false,hea*******,2024.03.18,5,떠먹는 윌 맛있어요. 이마트가좀더 저렴해요^^
65f814a01d9dbce4e6c2abf1,hy 떠먹는 윌 450g,2980,,false,sun*******,2024.03.18,5,저렴하고 맛있습니다.
65f814a01d9dbce4e6c2abf2,hy 떠먹는 윌 450g,2980,,false,han*******,2024.03.17,5,믿고 구매하는 이마트 좋아요.
65f814a01d9dbce4e6c2abf3,hy 떠먹는 윌 450g,2980,,false,mam*******,2024.03.17,5,"떠먹는 윌 맛있어요. 블루베리, 땅콩하고 버루려먹어요"
65f814a01d9dbce4e6c2abf4,hy 떠먹는 윌 450g,2980,,false,uji*******,2024.03.16,5,마시는 윌은 너무 부담 되는데 떠먹는 윌 맛도 좋고 효능은 같아 좋아요
65f814a01d9dbce4e6c2abf5,hy 떠먹는 윌 450g,2980,,false,ssi*******,2024.03.16,5,윌 요거트 너무 맛있어요
65f814a01d9dbce4e6c2abf6,hy 떠먹는 윌 450g,2980,,false,woo*******,2024.03.16,5,양이 많아보였는데 퍼먹다보면 순삭이네요
65f814a11d9dbce4e6c2abf7,hy 떠먹는 윌 450g,2980,,false,ksi*******,2024.03.15,5,달달하고 맛있어요!
65f814a11d9dbce4e6c2abf8,hy 떠먹는 윌 450g,2980,,false,thd*******,2024.03.15,5,신선하고 맛있어요~!
65f814a11d9dbce4e6c2abf9,hy 떠먹는 윌 450g,2980,,false,ivf*******,2024.03.15,5,늘이용해요편리하게좋아요
65f814a21d9dbce4e6c2abfa,hy 떠먹는 윌 450g,2980,,false,ary*******,2024.03.14,5,좋아요 자주 구매합니다
65f814a21d9dbce4e6c2abfb,hy 떠먹는 윌 450g,2980,,false,ary*******,2024.03.14,5,좋아요 자주 구매합니다
65f814a21d9dbce4e6c2abfc,hy 떠먹는 윌 450g,2980,,false,dlf*******,2024.03.14,5,hy 떠먹는 윌 450g
65f814a21d9dbce4e6c2abfd,hy 떠먹는 윌 450g,2980,,false,kbj*******,2024.03.13,5,항상 잘 구매하고 있습니다
65f814a21d9dbce4e6c2abfe,hy 떠먹는 윌 450g,2980,,false,hee*******,2024.03.13,5,쓱으로 바로 배송받아 좋습니다
65f814a21d9dbce4e6c2abff,hy 떠먹는 윌 450g,2980,,false,mis*******,2024.03.12,5,저렴하게 잘 구매했어요~
65f814a21d9dbce4e6c2ac00,hy 떠먹는 윌 450g,2980,,false,yer*******,2024.03.12,5,진하고 맛있어요..
65f814a31d9dbce4e6c2ac01,hy 떠먹는 윌 450g,2980,,false,min*******,2024.03.12,5,엄마드시라고 주문했어요
65f814a31d9dbce4e6c2ac02,hy 떠먹는 윌 450g,2980,,false,kyz*******,2024.03.12,5,요거트를 윌로 먹어서 좋네요
65f814a31d9dbce4e6c2ac03,hy 떠먹는 윌 450g,2980,,false,rjy*******,2024.03.12,5,늘 상비해서 먹고 있어요
65f814a31d9dbce4e6c2ac04,hy 떠먹는 윌 450g,2980,,false,bae*******,2024.03.11,5,배송 좋았고 제품은 좋은 편입니다
65f814a31d9dbce4e6c2ac05,hy 떠먹는 윌 450g,2980,,false,bae*******,2024.03.11,5,배송 좋았고 제품은 좋은 편입니다
65f814a31d9dbce4e6c2ac06,hy 떠먹는 윌 450g,2980,,false,bae*******,2024.03.11,5,배송 좋았고 제품은 좋은 편입니다
65f814a31d9dbce4e6c2ac07,hy 떠먹는 윌 450g,2980,,false,bae*******,2024.03.11,5,배송 좋았고 제품은 맛있습니다
65f814a31d9dbce4e6c2ac08,hy 떠먹는 윌 450g,2980,,false,ban*******,2024.03.10,5,배송도 빠르고 좋아요
65f814a31d9dbce4e6c2ac09,hy 떠먹는 윌 450g,2980,,false,oph*******,2024.03.10,5,쓱 배송 추천합니다.
65f814a31d9dbce4e6c2ac0a,hy 떠먹는 윌 450g,2980,,false,mil*******,2024.03.10,5,옴마 맛있어요 매실향도나고
65f814a41d9dbce4e6c2ac0b,hy 떠먹는 윌 450g,2980,,false,tjd*******,2024.03.10,5,세일할 때 사서 잘 먹었어요~ 가성비 좋아요
65f814a41d9dbce4e6c2ac0c,hy 떠먹는 윌 450g,2980,,false,sea*******,2024.03.10,5,항상 믿고 구매합니다
65f814a41d9dbce4e6c2ac0d,hy 떠먹는 윌 450g,2980,,false,ejr*******,2024.03.09,5,안전하고 깔끔하게 배송되고 일단 떠먹는 용으로 좋아요. 속도 좋네요
65f814a51d9dbce4e6c2ac0e,hy 떠먹는 윌 450g,2980,,false,jbb*******,2024.03.09,5,매번 구매하는 상품입니다
65f814a51d9dbce4e6c2ac0f,hy 떠먹는 윌 450g,2980,,false,dom*******,2024.03.09,5,좋은 가격에 잘 구매했어요
65f814a51d9dbce4e6c2ac10,hy 떠먹는 윌 450g,2980,,false,jan*******,2024.03.09,5,타 요거트보더 맛있습니다
65f814a51d9dbce4e6c2ac11,hy 떠먹는 윌 450g,2980,,false,jan*******,2024.03.09,5,맛있어요 추천합니다
65f814a51d9dbce4e6c2ac12,hy 떠먹는 윌 450g,2980,,false,mor*******,2024.03.09,5,다 좋은데 포장 용기/ 플라스틱 뚜껑이 박살났네요
65f814a51d9dbce4e6c2ac13,hy 떠먹는 윌 450g,2980,,false,hoo*******,2024.03.09,5,제품 좋고 가격도 좋아요
65f814a51d9dbce4e6c2ac14,hy 떠먹는 윌 450g,2980,,false,rir*******,2024.03.09,5,맛있어요 만족 포장은 별로
65f814a61d9dbce4e6c2ac15,hy 떠먹는 윌 450g,2980,,false,rir*******,2024.03.09,5,맛잇어서 재구매해요
65f814a61d9dbce4e6c2ac16,hy 떠먹는 윌 450g,2980,,false,rir*******,2024.03.08,5,너무 맛있어요 타 요거트와 다른 맛
65f814a61d9dbce4e6c2ac17,hy 떠먹는 윌 450g,2980,,false,ili*******,2024.03.08,5,떠먹는 윌 마시는 윌 모두 좋아요
65f814a61d9dbce4e6c2ac18,hy 떠먹는 윌 450g,2980,,false,qhf*******,2024.03.06,5,3번째 구입해서 먹었어요!! 약간 특유의 맛이 있는데 먹을만 합니다
65f814a61d9dbce4e6c2ac19,hy 떠먹는 윌 450g,2980,,false,ccs*******,2024.03.06,5,윌을 요구크트로 맘껏 먹을 수 있는 양까지 좋네요
65f814a61d9dbce4e6c2ac1a,hy 떠먹는 윌 450g,2980,,false,ljh*******,2024.03.05,5,집에서 요거트만들기에 좋아요
65f814a61d9dbce4e6c2ac1b,hy 떠먹는 윌 450g,2980,,false,gks*******,2024.03.04,5,소비기한이 짧지만 맛있어요
65f814a61d9dbce4e6c2ac1c,hy 떠먹는 윌 450g,2980,,false,xxa*******,2024.03.04,5,떠 먹는 윌 너무 맛있어요 양이 많아서 한번에 못먹고 3번에 나눠 먹었어요
65f814a61d9dbce4e6c2ac1d,hy 떠먹는 윌 450g,2980,,false,tlz*******,2024.03.04,5,윌요구르트맛 맛있어요
65f814a61d9dbce4e6c2ac1e,hy 떠먹는 윌 450g,2980,,false,eil*******,2024.03.04,5,떠먹는 윌이라 궁금해서 구입 윌보다는 단맛이 강하네요
65f814a71d9dbce4e6c2ac1f,hy 떠먹는 윌 450g,2980,,false,acd*******,2024.03.04,5,빠른 배송 감사합니다.
65f814a71d9dbce4e6c2ac20,hy 떠먹는 윌 450g,2980,,false,cli*******,2024.03.03,5,늘 구매하는 제품입니다.
65f814a81d9dbce4e6c2ac21,hy 떠먹는 윌 450g,2980,,false,cli*******,2024.03.03,5,늘 구매하는 제품입니다.
65f814a81d9dbce4e6c2ac22,hy 떠먹는 윌 450g,2980,,false,wig*******,2024.03.03,5,가성비 좋은 상품으로 늘 구매합니다
65f814a81d9dbce4e6c2ac23,hy 떠먹는 윌 450g,2980,,false,soo*******,2024.03.03,5,쓱 배송 2노무 죠ㅠ움
65f814a81d9dbce4e6c2ac24,hy 떠먹는 윌 450g,2980,,false,fob*******,2024.03.03,5,배송이 되어서 아주 편리해요. 자주 이용합니다
65f814a81d9dbce4e6c2ac25,hy 떠먹는 윌 450g,2980,,false,jjo*******,2024.03.03,5,마시는 윌이랑 맛이 똑같네요
65f814a81d9dbce4e6c2ac26,hy 떠먹는 윌 450g,2980,,false,wjd*******,2024.03.02,5,잘 받았습니다. 감사합니다.
65f814a81d9dbce4e6c2ac27,hy 떠먹는 윌 450g,2980,,false,paq*******,2024.03.02,5,양도 많고 맛있어요
65f814a81d9dbce4e6c2ac28,hy 떠먹는 윌 450g,2980,,false,ili*******,2024.03.02,5,떠먹는 윌 맛있고 좋아요
65f814aa1d9dbce4e6c2ac29,hy 떠먹는 윌 450g,2980,,false,h3i*******,2024.03.01,5,다른 맛도 나왔으면
65f814aa1d9dbce4e6c2ac2a,hy 떠먹는 윌 450g,2980,,false,h3i*******,2024.03.01,5,요거트 윌 용량에 만조
65f814aa1d9dbce4e6c2ac2b,hy 떠먹는 윌 450g,2980,,false,ku1*******,2024.03.01,5,양 엄청 많네요 윌 맛있어서 한번 사봤어요
65f814aa1d9dbce4e6c2ac2c,hy 떠먹는 윌 450g,2980,,false,ks1*******,2024.03.01,5,좋아요. 맛닜어요. ~
65f814aa1d9dbce4e6c2ac2d,hy 떠먹는 윌 450g,2980,,false,dnl*******,2024.03.01,5,오뚜기 스모키 허니머스타드 소스
65f814aa1d9dbce4e6c2ac2e,hy 떠먹는 윌 450g,2980,,false,byc*******,2024.03.01,5,친구가 이야기해줘서 구매했는데 맛있어요
65f814aa1d9dbce4e6c2ac2f,hy 떠먹는 윌 450g,2980,,false,cle*******,2024.03.01,5,순수한 맛이라 더욱 좋아요 :)
65f814aa1d9dbce4e6c2ac30,hy 떠먹는 윌 450g,2980,,false,lhc*******,2024.02.29,5,자주 이용합니다. 좋습니다.
65f814aa1d9dbce4e6c2ac31,hy 떠먹는 윌 450g,2980,,false,sam*******,2024.02.29,5,배송도 빠르고 상품도 맘에 들어요
65f814aa1d9dbce4e6c2ac32,hy 떠먹는 윌 450g,2980,,false,atb*******,2024.02.29,5,종종 구매하는 상품이에요.
65f814ac1d9dbce4e6c2ac33,hy 떠먹는 윌 450g,2980,,false,seo*******,2024.02.29,5,좋아여 좋아요 좋아영 좋아용
65f814ac1d9dbce4e6c2ac34,hy 떠먹는 윌 450g,2980,,false,ohi*******,2024.02.29,5,마시는 윌맛이 약간 나요
65f814ac1d9dbce4e6c2ac35,hy 떠먹는 윌 450g,2980,,false,ohi*******,2024.02.29,5,마시는 윌맛이 약간 나요
65f814ac1d9dbce4e6c2ac36,hy 떠먹는 윌 450g,2980,,false,jkj*******,2024.02.29,5,가성비 좋아요 맛이 고급져
65f814ac1d9dbce4e6c2ac37,hy 떠먹는 윌 450g,2980,,false,wot*******,2024.02.28,5,가격이저렴한득해서 추천
65f814ac1d9dbce4e6c2ac38,hy 떠먹는 윌 450g,2980,,false,wot*******,2024.02.28,5,개 맛잇네...좋음
65f814ac1d9dbce4e6c2ac39,hy 떠먹는 윌 450g,2980,,false,als*******,2024.02.28,5,달달하니 잘들어가네요
65f814ac1d9dbce4e6c2ac3a,hy 떠먹는 윌 450g,2980,,false,may*******,2024.02.28,5,담백하고 괜찮네요.
65f814ac1d9dbce4e6c2ac3b,hy 떠먹는 윌 450g,2980,,false,kyu*******,2024.02.27,5,맛이 새콤새콤하니 마시는것 하고 비슷해요
65f814ac1d9dbce4e6c2ac3c,hy 떠먹는 윌 450g,2980,,false,pkc*******,2024.02.27,5,가격도 좋고 너무 맛있어요 ~^^
65f814ad1d9dbce4e6c2ac3d,hy 떠먹는 윌 450g,2980,,false,cli*******,2024.02.26,5,늘 구매하는 제품입니다.
65f814ad1d9dbce4e6c2ac3e,hy 떠먹는 윌 450g,2980,,false,cli*******,2024.02.26,5,늘 구매하는 제품입니다.
65f814ad1d9dbce4e6c2ac3f,hy 떠먹는 윌 450g,2980,,false,ill*******,2024.02.25,5,단맛이 조금 있는 제품이었네요 맛있어요
65f814ad1d9dbce4e6c2ac40,hy 떠먹는 윌 450g,2980,,false,vie*******,2024.02.24,5,떠먹는 거라 진하고 맛있어요.
65f814ad1d9dbce4e6c2ac41,hy 떠먹는 윌 450g,2980,,false,wjf*******,2024.02.24,5,늘 이마트몰에서 주분해요.
65f814ad1d9dbce4e6c2ac42,hy 떠먹는 윌 450g,2980,,false,hur*******,2024.02.24,5,떠먹는 윌 맛있어요
65f814ad1d9dbce4e6c2ac43,hy 떠먹는 윌 450g,2980,,false,sey*******,2024.02.24,5,드레싱하려고 샀어요.
65f814ad1d9dbce4e6c2ac44,hy 떠먹는 윌 450g,2980,,false,neo*******,2024.02.23,5,음료보다 더 나아요 개인적인 취향 입니다 유통기한 2일 넘기고 먹었는데 괜찮았어요
65f814ad1d9dbce4e6c2ac45,hy 떠먹는 윌 450g,2980,,false,ykc*******,2024.02.23,5,월보다 싸고 양도 많고
65f814ad1d9dbce4e6c2ac46,hy 떠먹는 윌 450g,2980,,false,geo*******,2024.02.22,5,맛있고 좋아요. 장건강이 좋아질 것 같아요.
65f814af1d9dbce4e6c2ac47,hy 떠먹는 윌 450g,2980,,false,kgu*******,2024.02.22,5,윌 마시는것 말고 떠먹는거 첨인데 생각보다 달아요 단맛없는거 원하시면 비추요
65f814af1d9dbce4e6c2ac48,hy 떠먹는 윌 450g,2980,,false,syj*******,2024.02.22,5,좀 묽어요 궁금해서 사봤어요
65f814af1d9dbce4e6c2ac49,hy 떠먹는 윌 450g,2980,,false,fee*******,2024.02.22,5,떠먹는 요구르트 중 최고. 가격두 좋고
65f814af1d9dbce4e6c2ac4a,hy 떠먹는 윌 450g,2980,,false,cha*******,2024.02.22,5,윌 맛있네요 좀 달지만..
65f814af1d9dbce4e6c2ac4b,hy 떠먹는 윌 450g,2980,,false,wha*******,2024.02.21,5,아친마다 넉근ㄴ 중이에여
65f814af1d9dbce4e6c2ac4c,hy 떠먹는 윌 450g,2980,,false,fee*******,2024.02.21,5,신선하고 빠른배송 최고에요
65f814af1d9dbce4e6c2ac4d,hy 떠먹는 윌 450g,2980,,false,gml*******,2024.02.20,5,가끔 생각날때 같이 시켜요 맛나요~
65f814af1d9dbce4e6c2ac4e,hy 떠먹는 윌 450g,2980,,false,rot*******,2024.02.20,5,저한텐 좀달지만 남편이 좋아합니다
65f814af1d9dbce4e6c2ac4f,hy 떠먹는 윌 450g,2980,,false,hyo*******,2024.02.20,5,처음구매해봅니다 양이 어마하네요
65f814af1d9dbce4e6c2ac50,hy 떠먹는 윌 450g,2980,,false,Sdo*******,2024.02.20,5,건강용으로 즐겨먹는 요거트.
65f814b01d9dbce4e6c2ac51,hy 떠먹는 윌 450g,2980,,false,omy*******,2024.02.20,5,양이 넉넉해요 한번에 못 먹어요 마시는 윌이랑 살짝 다른맛?
65f814b01d9dbce4e6c2ac52,hy 떠먹는 윌 450g,2980,,false,ses*******,2024.02.19,5,재구매 상품입니다 맛있어요
65f814b01d9dbce4e6c2ac53,hy 떠먹는 윌 450g,2980,,false,h3i*******,2024.02.19,5,매일 마시던 윌 떠먹어라... 나는 마신다
65f814b01d9dbce4e6c2ac54,hy 떠먹는 윌 450g,2980,,false,smi*******,2024.02.19,5,떠먹는 윌 맛있음!
65f814b01d9dbce4e6c2ac55,hy 떠먹는 윌 450g,2980,,false,whl*******,2024.02.19,5,떠먹는윌은 처음먹어봤는데 맛있어요.
65f814b01d9dbce4e6c2ac56,hy 떠먹는 윌 450g,2980,,false,gml*******,2024.02.19,5,재구매 할수밖에 없어요 맛나요
65f814b01d9dbce4e6c2ac57,hy 떠먹는 윌 450g,2980,,false,gml*******,2024.02.19,5,윌 그 자체네요 좋아요~
65f814b01d9dbce4e6c2ac58,hy 떠먹는 윌 450g,2980,,false,pis*******,2024.02.19,5,저렴하게 잘 샀어요.
65f814b01d9dbce4e6c2ac59,hy 떠먹는 윌 450g,2980,,false,tbj*******,2024.02.18,5,헬리코박터를 제거하는 좋은 맛
65f814b01d9dbce4e6c2ac5a,hy 떠먹는 윌 450g,2980,,false,fly*******,2024.02.18,5,윌에서 나와서 안심하고 먹을수있어요 너무 맛아요 화장실도 잘가요
65f814b21d9dbce4e6c2ac5b,hy 떠먹는 윌 450g,2980,,false,onz*******,2024.02.18,5,위에도 좋다고 해서 샀어요
65f814b21d9dbce4e6c2ac5c,hy 떠먹는 윌 450g,2980,,false,ili*******,2024.02.17,5,늘 주문해서 맛있게 먹어요 떠먹는 윌 좋아요
65f814b21d9dbce4e6c2ac5d,hy 떠먹는 윌 450g,2980,,false,kan*******,2024.02.17,5,떠먹는 윌 조금 불편하지만 맛있어요
65f814b21d9dbce4e6c2ac5e,hy 떠먹는 윌 450g,2980,,false,wlg*******,2024.02.17,5,몸 생각 해서 구입했어요
65f814b21d9dbce4e6c2ac5f,hy 떠먹는 윌 450g,2980,,false,hyc*******,2024.02.16,5,좀 달긴한데 맛있네요.
65f814b21d9dbce4e6c2ac60,hy 떠먹는 윌 450g,2980,,false,coc*******,2024.02.16,5,좋은제품이예요 잘 받았습니다 ~^^
65f814b21d9dbce4e6c2ac61,hy 떠먹는 윌 450g,2980,,false,tra*******,2024.02.16,5,남편이 늘 챙겨먹는거라 장볼때마다 구입해요
65f814b21d9dbce4e6c2ac62,hy 떠먹는 윌 450g,2980,,false,jpa*******,2024.02.15,5,윌 떠먹는게 있는 줄 몰랐네요 괜찮았어요
65f814b21d9dbce4e6c2ac63,hy 떠먹는 윌 450g,2980,,false,kra*******,2024.02.14,5,좋아요절잗랐어요...
65f814b21d9dbce4e6c2ac64,hy 떠먹는 윌 450g,2980,,false,for*******,2024.02.14,5,넘넘 맛나요 애들도 좋아해요
65f814b31d9dbce4e6c2ac65,hy 떠먹는 윌 450g,2980,,false,for*******,2024.02.14,5,윌 좋아하는데 요거트로 나와 더 좋아요
65f814b31d9dbce4e6c2ac66,hy 떠먹는 윌 450g,2980,,false,qos*******,2024.02.13,5,맛있어서 재구매했어요 :)
65f814b31d9dbce4e6c2ac67,hy 떠먹는 윌 450g,2980,,false,cjs*******,2024.02.13,5,늘구매하는 상품입니다
65f814b31d9dbce4e6c2ac68,hy 떠먹는 윌 450g,2980,,false,Kan*******,2024.02.13,5,잘 받았습니다 ~~
65f814b31d9dbce4e6c2ac69,hy 떠먹는 윌 450g,2980,,false,smi*******,2024.02.13,5,마시는 윌이랑 맛이 거의 비슷함.
65f814b31d9dbce4e6c2ac6a,hy 떠먹는 윌 450g,2980,,false,yeo*******,2024.02.13,5,꾸덕꾸덕하진 않고 보통의 떠먹는 요거트 정도의 샐러드 위에 뿌리면 적당할 점성
65f814b31d9dbce4e6c2ac6b,hy 떠먹는 윌 450g,2980,,false,mel*******,2024.02.12,5,요거트 좋아해서 자주 사먹어요!!
65f814b31d9dbce4e6c2ac6c,hy 떠먹는 윌 450g,2980,,false,sho*******,2024.02.12,5,생각보다 좀 다네요
65f814b31d9dbce4e6c2ac6d,hy 떠먹는 윌 450g,2980,,false,apt*******,2024.02.12,5,마시는 윌과 맛도 똑같고 맛있어요
65f814b31d9dbce4e6c2ac6e,hy 떠먹는 윌 450g,2980,,false,avi*******,2024.02.11,5,어떤 식으로 먹어도 맛있어요~
65f814b51d9dbce4e6c2ac6f,hy 떠먹는 윌 450g,2980,,false,d72*******,2024.02.10,5,읠이라 믿고 막어요 안달아요
65f814b51d9dbce4e6c2ac70,hy 떠먹는 윌 450g,2980,,false,yeo*******,2024.02.10,5,좋아요.추천합니다.
65f814b51d9dbce4e6c2ac71,hy 떠먹는 윌 450g,2980,,false,yeo*******,2024.02.10,5,좋아요.추천합니다.
65f814b51d9dbce4e6c2ac72,hy 떠먹는 윌 450g,2980,,false,hkn*******,2024.02.10,5,아이들이 잘 먹어요.
65f814b51d9dbce4e6c2ac73,hy 떠먹는 윌 450g,2980,,false,kms*******,2024.02.10,5,처음 사봣는데 갠찬네요 비요뜨처럼 초코볼 넣어서먹으니 딱맞는 ~^^
65f814b51d9dbce4e6c2ac74,hy 떠먹는 윌 450g,2980,,false,mij*******,2024.02.09,5,집앞까지 배송 감사합니다
65f814b51d9dbce4e6c2ac75,hy 떠먹는 윌 450g,2980,,false,kbj*******,2024.02.08,5,항상 잘 구매하고 있습니다
65f814b51d9dbce4e6c2ac76,hy 떠먹는 윌 450g,2980,,false,aso*******,2024.02.07,5,이 상품 때문에 쓱배송 해요. 맛있어요
65f814b51d9dbce4e6c2ac77,hy 떠먹는 윌 450g,2980,,false,cho*******,2024.02.07,5,아이가 좋아해요. 적당한 농도에 양이 많아서 좋아요.
65f814b51d9dbce4e6c2ac78,hy 떠먹는 윌 450g,2980,,false,bij*******,2024.02.07,5,편리해서 자주 이용해요.
65f814b61d9dbce4e6c2ac79,hy 떠먹는 윌 450g,2980,,false,min*******,2024.02.07,5,good good good good good
65f814b61d9dbce4e6c2ac7a,hy 떠먹는 윌 450g,2980,,false,mij*******,2024.02.06,5,아주 좋아요 감사합니다~^^
65f814b61d9dbce4e6c2ac7b,hy 떠먹는 윌 450g,2980,,false,mij*******,2024.02.06,5,아주 좋아요 감사합니다~^^
65f814b61d9dbce4e6c2ac7c,hy 떠먹는 윌 450g,2980,,false,mij*******,2024.02.06,5,아주 좋아요 감사합니다~^^
65f814b61d9dbce4e6c2ac7d,hy 떠먹는 윌 450g,2980,,false,mij*******,2024.02.06,5,아주 좋아요 감사합니다~^^
65f814b61d9dbce4e6c2ac7e,hy 떠먹는 윌 450g,2980,,false,mij*******,2024.02.06,5,아주 좋아요 감사합니다~^^
65f814b61d9dbce4e6c2ac7f,hy 떠먹는 윌 450g,2980,,false,mij*******,2024.02.06,5,아주 좋아요 감사합니다~^^
65f814b61d9dbce4e6c2ac80,hy 떠먹는 윌 450g,2980,,false,mij*******,2024.02.06,5,아주 좋아요 감사합니다~^^
65f814b61d9dbce4e6c2ac81,hy 떠먹는 윌 450g,2980,,false,mij*******,2024.02.06,5,아주 좋아요 감사합니다~^^
65f814b71d9dbce4e6c2ac82,hy 떠먹는 윌 450g,2980,,false,mij*******,2024.02.06,5,아주 좋아요 감사합니다~^^
65f814b91d9dbce4e6c2ac83,hy 떠먹는 윌 450g,2980,,false,cbm*******,2024.02.01,5,부드럽고 달콤하고 맛있어요 ~
65f814b91d9dbce4e6c2ac84,hy 떠먹는 윌 450g,2980,,false,xxa*******,2024.02.01,5,떠먹는 윌 엄청 맛있어요
65f814b91d9dbce4e6c2ac85,hy 떠먹는 윌 450g,2980,,false,mam*******,2024.02.01,5,"윌 떠먹는 윌 , 윌맛이에요. 맛있어요"
65f814b91d9dbce4e6c2ac86,hy 떠먹는 윌 450g,2980,,false,lek*******,2024.02.01,5,배송 잘 받았습니다
65f814b91d9dbce4e6c2ac87,hy 떠먹는 윌 450g,2980,,false,sug*******,2024.02.01,5,달콤하고 부드럽고 맛나요
65f814b91d9dbce4e6c2ac88,hy 떠먹는 윌 450g,2980,,false,fre*******,2024.01.31,5,상품 좋고 가격도 좋습니다
65f814b91d9dbce4e6c2ac89,hy 떠먹는 윌 450g,2980,,false,pio*******,2024.01.31,5,늘 주문해요. 맛있고 너무 되직하지 않아서 부담이 없어요.
65f814b91d9dbce4e6c2ac8a,hy 떠먹는 윌 450g,2980,,false,mir*******,2024.01.31,5,맛있어요 맛있어요 맛있어요
65f814b91d9dbce4e6c2ac8b,hy 떠먹는 윌 450g,2980,,false,atb*******,2024.01.31,5,자주 구매하는 제품이에요.
65f814b91d9dbce4e6c2ac8c,hy 떠먹는 윌 450g,2980,,false,iir*******,2024.01.30,5,늘주문하는거에요 배송도 좋아요
65f814ba1d9dbce4e6c2ac8d,hy 떠먹는 윌 450g,2980,,false,mrp*******,2024.01.30,5,대용량이라 좋아요ㅎㅎ
65f814ba1d9dbce4e6c2ac8e,hy 떠먹는 윌 450g,2980,,false,pio*******,2024.01.30,5,맛있어서 자주 주문해요.
65f814ba1d9dbce4e6c2ac8f,hy 떠먹는 윌 450g,2980,,false,cho*******,2024.01.30,5,처음 구매해봤는데 다른 요거트보다 제일 맛있는거 같아요
65f814ba1d9dbce4e6c2ac90,hy 떠먹는 윌 450g,2980,,false,shp*******,2024.01.29,5,윌이 요거트로 나와 좋아요
65f814ba1d9dbce4e6c2ac91,hy 떠먹는 윌 450g,2980,,false,bab*******,2024.01.29,5,위장 아플때 꾸준미먹으면 효과굿. 떠먹는건 첨인데 기대됨
65f814ba1d9dbce4e6c2ac92,hy 떠먹는 윌 450g,2980,,false,wrr*******,2024.01.29,5,신선하고 맛도 좋아요.
65f814ba1d9dbce4e6c2ac93,hy 떠먹는 윌 450g,2980,,false,lov*******,2024.01.29,5,이마트 쓱배송 아주 좋아요 좀더 다양한 상품이 많아졌으면 좋겠어요
65f814bb1d9dbce4e6c2ac94,hy 떠먹는 윌 450g,2980,,false,cut*******,2024.01.28,5,향이 첨에 살짝 그랬는데 계속 먹으니 게안아요
65f814bb1d9dbce4e6c2ac95,hy 떠먹는 윌 450g,2980,,false,psy*******,2024.01.28,5,맛있어요 작은양도 있었으면
65f814bb1d9dbce4e6c2ac96,hy 떠먹는 윌 450g,2980,,false,wnt*******,2024.01.28,5,빠른배송 감사합니다!!
65f814bc1d9dbce4e6c2ac97,hy 떠먹는 윌 450g,2980,,false,yoo*******,2024.01.28,5,맛있어서 항상 구매해요
65f814bc1d9dbce4e6c2ac98,hy 떠먹는 윌 450g,2980,,false,pho*******,2024.01.27,5,늘 먹는 한국야쿠르트 윌
65f814bc1d9dbce4e6c2ac99,hy 떠먹는 윌 450g,2980,,false,fre*******,2024.01.27,5,맛있어요 맛있어요 ^^
65f814bc1d9dbce4e6c2ac9a,hy 떠먹는 윌 450g,2980,,false,tot*******,2024.01.27,5,새롭게 바꾼 요거트인데 맛있네요.
65f814bc1d9dbce4e6c2ac9b,hy 떠먹는 윌 450g,2980,,false,nyh*******,2024.01.26,5,신선해요 맛있어요 건강해요
65f814bc1d9dbce4e6c2ac9c,hy 떠먹는 윌 450g,2980,,false,jkj*******,2024.01.25,5,바나나 사과 아침식사에 굿
65f814bc1d9dbce4e6c2ac9d,hy 떠먹는 윌 450g,2980,,false,mkh*******,2024.01.24,5,"배송 빠르고 좋습니다,"
65f814bc1d9dbce4e6c2ac9e,hy 떠먹는 윌 450g,2980,,false,dom*******,2024.01.24,5,좋은 가격에 잘 구매했어요
65f814bc1d9dbce4e6c2ac9f,hy 떠먹는 윌 450g,2980,,false,ksy*******,2024.01.23,5,가성비좋은제품입니다 윌요거트 또사먹을듯하네요
65f814bc1d9dbce4e6c2aca0,hy 떠먹는 윌 450g,2980,,false,eve*******,2024.01.22,5,맛있어요 맛있어요 맛있어요
65f814bd1d9dbce4e6c2aca1,hy 떠먹는 윌 450g,2980,,false,tra*******,2024.01.22,5,이마트가 동네보다 저렴해서 좋아요
65f814bd1d9dbce4e6c2aca2,hy 떠먹는 윌 450g,2980,,false,hwa*******,2024.01.21,5,가격이 좀 떨어져서 좋아요. 꾸준히 이 가격과 비슷했으면 좋겠어요..
65f814bd1d9dbce4e6c2aca3,hy 떠먹는 윌 450g,2980,,false,ban*******,2024.01.21,5,배송도 빠르고 좋아요
65f814bd1d9dbce4e6c2aca4,hy 떠먹는 윌 450g,2980,,false,kai*******,2024.01.21,5,아이들이 좋아해요. 너무 맛있어요.
65f814bd1d9dbce4e6c2aca5,hy 떠먹는 윌 450g,2980,,false,nam*******,2024.01.21,5,항상 재구매해서 먹어요~
65f814bd1d9dbce4e6c2aca6,hy 떠먹는 윌 450g,2980,,false,blu*******,2024.01.21,5,맛있다고 해서 구매한번 해봄요
65f814bd1d9dbce4e6c2aca7,hy 떠먹는 윌 450g,2980,,false,01l*******,2024.01.21,5,맛있어요맛있어요.추천합니다.좋아요!신선합니다
65f814be1d9dbce4e6c2aca8,hy 떠먹는 윌 450g,2980,,false,Yeo*******,2024.01.20,5,넘 맛잇어요ㅠㅠ또 사려구요!
65f814be1d9dbce4e6c2aca9,hy 떠먹는 윌 450g,2980,,false,avi*******,2024.01.20,5,정말 자주 시켜 먹었네요^^;
65f814be1d9dbce4e6c2acaa,hy 떠먹는 윌 450g,2980,,false,avi*******,2024.01.20,5,출출할때 먹기 좋아요~
65f814bf1d9dbce4e6c2acab,hy 떠먹는 윌 450g,2980,,false,avi*******,2024.01.20,5,출출할때 먹기 좋아요~
65f814bf1d9dbce4e6c2acac,hy 떠먹는 윌 450g,2980,,false,avi*******,2024.01.20,5,출출할때 먹기 좋아요~
65f814bf1d9dbce4e6c2acad,hy 떠먹는 윌 450g,2980,,false,avi*******,2024.01.20,5,출출할때 먹기 좋아요~
65f814bf1d9dbce4e6c2acae,hy 떠먹는 윌 450g,2980,,false,avi*******,2024.01.20,5,주기적으로 시켜먹어요~
65f814bf1d9dbce4e6c2acaf,hy 떠먹는 윌 450g,2980,,false,avi*******,2024.01.20,5,맛있어서 종종 시킵니다~
65f814bf1d9dbce4e6c2acb0,hy 떠먹는 윌 450g,2980,,false,gly*******,2024.01.20,4,처음구매햇어요 싸게구입햇어요
65f814bf1d9dbce4e6c2acb1,hy 떠먹는 윌 450g,2980,,false,jhr*******,2024.01.20,5,매실향이 강해요 알고 주문하시길요
65f814bf1d9dbce4e6c2acb2,hy 떠먹는 윌 450g,2980,,false,yoo*******,2024.01.19,5,부모님이 좋아하셔서 자주 보내드려요 ㅋㅋ
65f814bf1d9dbce4e6c2acb3,hy 떠먹는 윌 450g,2980,,false,jjj*******,2024.01.19,5,떠먹는 윌 품질이 좋습니다
65f814bf1d9dbce4e6c2acb4,hy 떠먹는 윌 450g,2980,,false,cjs*******,2024.01.19,5,괜찮네요 위에는 역시 윌이지요
65f814c01d9dbce4e6c2acb5,hy 떠먹는 윌 450g,2980,,false,sta*******,2024.01.18,5,이 상품을 특히 맛있어하네요
65f814c01d9dbce4e6c2acb6,hy 떠먹는 윌 450g,2980,,false,joh*******,2024.01.17,5,감사합니다. 잘 먹을게요.
65f814c01d9dbce4e6c2acb7,hy 떠먹는 윌 450g,2980,,false,yii*******,2024.01.16,5,마시는 윌 맛과 같아요 좋아요
65f814c01d9dbce4e6c2acb8,hy 떠먹는 윌 450g,2980,,false,oph*******,2024.01.14,5,쓱배송 추천합니다.
65f814c01d9dbce4e6c2acb9,hy 떠먹는 윌 450g,2980,,false,oph*******,2024.01.14,5,쓱배송 추천합니다.
65f814c01d9dbce4e6c2acba,hy 떠먹는 윌 450g,2980,,false,mij*******,2024.01.14,5,집앞까지 배송 감사합니다
65f814c11d9dbce4e6c2acbb,hy 떠먹는 윌 450g,2980,,false,mij*******,2024.01.14,5,집앞까지 배송 감사합니다
65f814c11d9dbce4e6c2acbc,hy 떠먹는 윌 450g,2980,,false,sun*******,2024.01.12,5,잘 받았어요 감사합니다^^
65f814c11d9dbce4e6c2acbd,hy 떠먹는 윌 450g,2980,,false,yim*******,2024.01.12,5,부드럽고 과일과 같이 하기에 너무 좋아요
65f814c11d9dbce4e6c2acbe,hy 떠먹는 윌 450g,2980,,false,yim*******,2024.01.12,5,윌이 맛있고 이 제품은 더 부드러운것같아요
65f814c21d9dbce4e6c2acbf,hy 떠먹는 윌 450g,2980,,false,jyy*******,2024.01.11,5,그레놀라와 견과를 넣어먹으면 더 맛있네요
65f814c21d9dbce4e6c2acc0,hy 떠먹는 윌 450g,2980,,false,rhf*******,2024.01.10,5,쓱배송 너무 편하고 좋아요
65f814c21d9dbce4e6c2acc1,hy 떠먹는 윌 450g,2980,,false,bae*******,2024.01.09,5,배송 좋았고 자주 구매하는 제품입니다
65f814c21d9dbce4e6c2acc2,hy 떠먹는 윌 450g,2980,,false,ann*******,2024.01.08,5,뽕잎 맛이 홍삼같은 건강한 느낌나고 가격이 착한데 양 넉넉
65f814c21d9dbce4e6c2acc3,hy 떠먹는 윌 450g,2980,,false,bub*******,2024.01.08,5,맛있어요 일반 요플레보다 맛 좋아여
65f814c21d9dbce4e6c2acc4,hy 떠먹는 윌 450g,2980,,false,ary*******,2024.01.08,5,좋아요 자주 구매합니다
65f814c21d9dbce4e6c2acc5,hy 떠먹는 윌 450g,2980,,false,jeo*******,2024.01.07,5,샐러드 소스 대용으로도 좋아요
65f814c21d9dbce4e6c2acc6,hy 떠먹는 윌 450g,2980,,false,shp*******,2024.01.07,5,요거트 맛도 좋고 윌좋네요
65f814c21d9dbce4e6c2acc7,hy 떠먹는 윌 450g,2980,,false,kjh*******,2024.01.05,5,정말 맛있네요. 온가족이 좋아해요
65f814c21d9dbce4e6c2acc8,hy 떠먹는 윌 450g,2980,,false,shj*******,2024.01.05,5,맛있어요ㅠ 싸게 잘구매해서 잘먹었어요
65f814c31d9dbce4e6c2acc9,hy 떠먹는 윌 450g,2980,,false,dms*******,2024.01.05,5,맛이ㅛ게 잘먹어ㅛ네여
65f814c31d9dbce4e6c2acca,hy 떠먹는 윌 450g,2980,,false,syc*******,2024.01.04,5,궁금해서 먹어봤는데 쏘쏘
65f814c31d9dbce4e6c2accb,hy 떠먹는 윌 450g,2980,,false,sim*******,2024.01.04,5,맛이 궁금해서 사봅니다.
65f814c31d9dbce4e6c2accc,hy 떠먹는 윌 450g,2980,,false,fob*******,2024.01.04,5,배송도 빠르고 편리해서 항상 이용합니다
65f814c31d9dbce4e6c2accd,hy 떠먹는 윌 450g,2980,,false,abo*******,2024.01.03,5,처음 구매해봅니다. 맛이 신선하고 맛있네요 좋은상품입니다
65f814c31d9dbce4e6c2acce,hy 떠먹는 윌 450g,2980,,false,lim*******,2024.01.02,5,떠 먹는 윌도 좋네요.종종 사먹어야할듯
65f814c41d9dbce4e6c2accf,hy 떠먹는 윌 450g,2980,,false,jbb*******,2024.01.02,5,매번 구매하는 상품입니다!
65f814c41d9dbce4e6c2acd0,hy 떠먹는 윌 450g,2980,,false,lek*******,2024.01.02,5,배송 잘 받았습니다
65f814c41d9dbce4e6c2acd1,hy 떠먹는 윌 450g,2980,,false,iir*******,2024.01.01,5,항상주문하는거에요 배송과 상품상테 다 만족해요
65f814c41d9dbce4e6c2acd2,hy 떠먹는 윌 450g,2980,,false,cli*******,2024.01.01,5,늘 사용하는 제품입니다
65f814c51d9dbce4e6c2acd3,hy 떠먹는 윌 450g,2980,,false,ohs*******,2024.01.01,5,단거 좋아하는 분이라면 진짜 맛이 좋아요
65f814c51d9dbce4e6c2acd4,hy 떠먹는 윌 450g,2980,,false,hkn*******,2023.12.21,5,일반 요거트랑 살짝 다름이 느껴져요. 감미료가 덜하다고해야하나. 3개 쟁여 주문합니다. .
65f814c51d9dbce4e6c2acd5,hy 떠먹는 윌 450g,2980,,false,not*******,2023.12.10,5,꾸덕함이 더해서 찐요거트 같아요~맛도 좋아서 자주 먹는데 좀 더 소포장이면 좋을거 같아요~!
65f814c51d9dbce4e6c2acd6,hy 떠먹는 윌 450g,2980,,false,leh*******,2023.11.22,5,"처음에는 1인용인줄 알고 샀는데, 용량이 상당하네요. 4인 가족이 조금씩 나눠 먹으면 좋을 양이에요. 맛도 좋고, 위에도 좋을 것 같아 만족합니다."
65f814c51d9dbce4e6c2acd7,hy 떠먹는 윌 450g,2980,,false,ili*******,2023.09.03,5,윌은 늘 즐겨 먹는데 떠먹는 윌이 나와서 더 좋아요 아침마다 윌에 과일과 견과류를 넣고 먹는데 늘 만족합니다 여러개 시킬때 유통기간 긴걸로 보내주시면 감사하겠습니다
65f814c51d9dbce4e6c2acd8,hy 떠먹는 윌 450g,2980,,false,ili*******,2023.08.27,5,직접 이마트에 사러 가면 유통기한이 쫌 긴걸로 가져오는데 가끔 배송될때는 너무 타이트한 날짜로 가져다 주셔서 4개이상일때는 날짜 신경 써 주셨음 합니다 맛은 최고입니다 매일 아침 과일과 견과류와 함께 먹어요
65f814c51d9dbce4e6c2acd9,hy 떠먹는 윌 450g,2980,,false,bit*******,2023.08.17,5,맛있고 새콤달콤 마시는 윌보다는 꺼내먹기 불편하긴 한데 그래도 쓰래기 덜나오니까~
65f814c51d9dbce4e6c2acda,hy 떠먹는 윌 450g,2980,,false,nao*******,2023.07.15,5,매일 아침에 견과류와 과일하고 맛있게 먹고 있어요.
65f814c51d9dbce4e6c2acdb,hy 떠먹는 윌 450g,2980,,false,mel*******,2023.07.09,5,아몬드나 그래놀라 뿌려 먹으면 맛나요! 그냥 먹어도 맛있어요!!
65f814c51d9dbce4e6c2acdc,hy 떠먹는 윌 450g,2980,,false,cjt*******,2023.07.01,5,편하게 잘 샀어요~~
65f814c71d9dbce4e6c2acdd,hy 떠먹는 윌 450g,2980,,false,sam*******,2023.12.28,5,맛은 마시는 윌이 더 맛있어요 건강한 그런맛 ...
65f814c71d9dbce4e6c2acde,hy 떠먹는 윌 450g,2980,,false,Ira*******,2023.12.28,5,윌 떠먹는것도 있는게 신기해서 사봤는데 맛있네요 역시
65f814c71d9dbce4e6c2acdf,hy 떠먹는 윌 450g,2980,,false,dhd*******,2023.12.28,5,아주좋아요아주좋아요
65f814c81d9dbce4e6c2ace0,hy 떠먹는 윌 450g,2980,,false,kc1*******,2023.12.27,5,몇번이다 재오더 해서 먹습니다 너무 맘에 들어요
65f814c81d9dbce4e6c2ace1,hy 떠먹는 윌 450g,2980,,false,kc1*******,2023.12.27,5,몇번이다 재오더 해서 먹습니다 너무 맘에 들어요
65f814c81d9dbce4e6c2ace2,hy 떠먹는 윌 450g,2980,,false,shs*******,2023.12.26,5,윌 요거트 맛있고 효과도 괜찮은 듯
65f814c81d9dbce4e6c2ace3,hy 떠먹는 윌 450g,2980,,false,fre*******,2023.12.25,5,맛있어요 맛있어요 맛있어요
65f814c81d9dbce4e6c2ace4,hy 떠먹는 윌 450g,2980,,false,imt*******,2023.12.24,5,지속적으로 구매하는 상품으로 항상 만족합니다
65f814c81d9dbce4e6c2ace5,hy 떠먹는 윌 450g,2980,,false,hya*******,2023.12.22,5,자주구매 달달 하고 약간푸딩 느김
65f814c81d9dbce4e6c2ace6,hy 떠먹는 윌 450g,2980,,false,rkd*******,2023.12.22,5,마시는 윌과 같은 성분이겠죠 떠먹는 요거트라서 먹기 더 좋음 맛도 가장 좋음
65f814c91d9dbce4e6c2ace7,hy 떠먹는 윌 450g,2980,,false,pip*******,2023.12.21,5,신맛이 강한 요구르트에요~ 맛있어요~
65f814c91d9dbce4e6c2ace8,hy 떠먹는 윌 450g,2980,,false,sun*******,2023.12.20,5,좋아요 좋아요 좋아요
65f814c91d9dbce4e6c2ace9,hy 떠먹는 윌 450g,2980,,false,ary*******,2023.12.20,5,좋아요 자주 구매합니다
65f814c91d9dbce4e6c2acea,hy 떠먹는 윌 450g,2980,,false,rla*******,2023.12.20,5,가격이 많이 착하면 좋겠어요
65f814c91d9dbce4e6c2aceb,hy 떠먹는 윌 450g,2980,,false,por*******,2023.12.19,5,마시는 윌만 먹어보다가 떠먹는 윌은 새롭지만 익숙한 맛이에요
65f814c91d9dbce4e6c2acec,hy 떠먹는 윌 450g,2980,,false,cha*******,2023.12.19,5,처음 먹어본 떠먹는 윌 아이와 함께 먹어도 된다하니 더 좋아요
65f814c91d9dbce4e6c2aced,hy 떠먹는 윌 450g,2980,,false,lup*******,2023.12.18,5,맛있어서 자주 구매합니다 아침 화장실도 잘 가게 되요
65f814c91d9dbce4e6c2acee,hy 떠먹는 윌 450g,2980,,false,sun*******,2023.12.17,5,윌이 떠먹는 제품으로도 나와서 구매해보았어요
65f814c91d9dbce4e6c2acef,hy 떠먹는 윌 450g,2980,,false,khm*******,2023.12.17,5,좋네요 재구매할게요
65f814c91d9dbce4e6c2acf0,hy 떠먹는 윌 450g,2980,,false,swe*******,2023.12.14,5,진하고 맛있네요. 달아요
65f814ca1d9dbce4e6c2acf1,hy 떠먹는 윌 450g,2980,,false,iam*******,2023.12.14,5,배송이 빠릅니다 감사합니다
65f814ca1d9dbce4e6c2acf2,hy 떠먹는 윌 450g,2980,,false,ary*******,2023.12.14,5,좋아요 자주 구매합니다
65f814cb1d9dbce4e6c2acf3,hy 떠먹는 윌 450g,2980,,false,iir*******,2023.12.13,5,후기가 좋길래 시켜봣어요
65f814cb1d9dbce4e6c2acf4,hy 떠먹는 윌 450g,2980,,false,geo*******,2023.12.12,5,아프신 지인 선물했는데 좋아하셨어요.
65f814cb1d9dbce4e6c2acf5,hy 떠먹는 윌 450g,2980,,false,pis*******,2023.12.12,5,요거트 타입도 좋네요.
65f814cb1d9dbce4e6c2acf6,hy 떠먹는 윌 450g,2980,,false,es1*******,2023.12.11,4,할인하길래 구입했어요 맛있는데요
65f814cb1d9dbce4e6c2acf7,hy 떠먹는 윌 450g,2980,,false,nao*******,2023.12.09,4,매일 아침에 견과류하고 같이 먹어요~!
65f814cb1d9dbce4e6c2acf8,hy 떠먹는 윌 450g,2980,,false,shp*******,2023.12.08,5,윌 너무너무 좋아요
65f814cb1d9dbce4e6c2acf9,hy 떠먹는 윌 450g,2980,,false,ymh*******,2023.12.08,5,생각보다 양이 정말 많고 맛도 좋아요
65f814cb1d9dbce4e6c2acfa,hy 떠먹는 윌 450g,2980,,false,ili*******,2023.12.08,5,안떨어트리고 매일 먹는 제품입니다 떠먹는윌 맛나요
65f814cc1d9dbce4e6c2acfb,hy 떠먹는 윌 450g,2980,,false,ok9*******,2023.12.08,5,저렴하게 잘 샀어요
65f814cc1d9dbce4e6c2acfc,hy 떠먹는 윌 450g,2980,,false,jul*******,2023.12.07,5,윌 좋아해서 떠먹는 윌도 구입해 봅니다.
65f814cc1d9dbce4e6c2acfd,hy 떠먹는 윌 450g,2980,,false,mun*******,2023.12.05,5,제품 대비 가격 이 좋아요~~
65f814cc1d9dbce4e6c2acfe,hy 떠먹는 윌 450g,2980,,false,and*******,2023.12.05,5,맛있어요 엄청 좋아요
65f814cc1d9dbce4e6c2acff,hy 떠먹는 윌 450g,2980,,false,bae*******,2023.12.05,5,배송 좋았고 제품은 신선합니다
65f814cc1d9dbce4e6c2ad00,hy 떠먹는 윌 450g,2980,,false,gre*******,2023.12.04,5,빠른 배송 만족합니다~~~
65f814cc1d9dbce4e6c2ad01,hy 떠먹는 윌 450g,2980,,false,ace*******,2023.12.03,5,1년째 장복중인데 장이 많이 좋아졌어요
65f814cc1d9dbce4e6c2ad02,hy 떠먹는 윌 450g,2980,,false,lek*******,2023.12.03,5,배송 잘 받았습니다
65f814cc1d9dbce4e6c2ad03,hy 떠먹는 윌 450g,2980,,false,etl*******,2023.12.02,5,좀 덜 달면좋겠어요 맛은 있죠
65f814cc1d9dbce4e6c2ad04,hy 떠먹는 윌 450g,2980,,false,yuj*******,2023.12.02,5,너무 맛있어요! 쟁여두고 먹어요
65f814cd1d9dbce4e6c2ad05,hy 떠먹는 윌 450g,2980,,false,gin*******,2023.12.01,5,맛있게 잘 먹었어요
65f814ce1d9dbce4e6c2ad06,hy 떠먹는 윌 450g,2980,,false,kra*******,2023.12.01,5,좋아요잘받었어요..
65f814ce1d9dbce4e6c2ad07,hy 떠먹는 윌 450g,2980,,false,rjy*******,2023.12.01,5,늘 구매하는 제품. 뚜껑부분만 보강하면 좋을거 같아요
65f814ce1d9dbce4e6c2ad08,hy 떠먹는 윌 450g,2980,,false,son*******,2023.11.30,5,시중 요거트중 제입맛에는 젤 나은듯
65f814ce1d9dbce4e6c2ad09,hy 떠먹는 윌 450g,2980,,false,ori*******,2023.11.27,5,맛있어요 감사합니다
65f814ce1d9dbce4e6c2ad0a,hy 떠먹는 윌 450g,2980,,false,lov*******,2023.11.26,5,쓱배송으로 편하게 잘 받았어요
65f814ce1d9dbce4e6c2ad0b,hy 떠먹는 윌 450g,2980,,false,mom*******,2023.11.26,5,매우 만족합니다.
65f814ce1d9dbce4e6c2ad0c,hy 떠먹는 윌 450g,2980,,false,elt*******,2023.11.25,5,양이 많아 좋긴한데 마시는 윌이 간편해서 좋아요
65f814ce1d9dbce4e6c2ad0d,hy 떠먹는 윌 450g,2980,,false,lai*******,2023.11.24,5,맛있어요 아이가 좋아합니다
65f814ce1d9dbce4e6c2ad0e,hy 떠먹는 윌 450g,2980,,false,dhd*******,2023.11.21,5,아주좋아요아주좋아요
65f814cf1d9dbce4e6c2ad0f,hy 떠먹는 윌 450g,2980,,false,yer*******,2023.11.20,5,꾸득하고 맛있어요.
65f814cf1d9dbce4e6c2ad10,hy 떠먹는 윌 450g,2980,,false,oph*******,2023.11.19,5,쓱배송 추천합니다.
65f814cf1d9dbce4e6c2ad11,hy 떠먹는 윌 450g,2980,,false,ary*******,2023.11.18,5,좋아요 자주 구매합니다
65f814cf1d9dbce4e6c2ad12,hy 떠먹는 윌 450g,2980,,false,dbs*******,2023.11.15,5,가끔 먹어요 달긴한데 윌은.맛이어요^^
65f814cf1d9dbce4e6c2ad13,hy 떠먹는 윌 450g,2980,,false,jh0*******,2023.11.15,5,마시는 것보다 요거트 형태라 간식으로 과일이랑 곁들이기 좋아요
65f814cf1d9dbce4e6c2ad14,hy 떠먹는 윌 450g,2980,,false,pow*******,2023.11.14,5,마시는 윌이랑 맛이 같습니다. 좋아요. 작은 사이즈도 나왔으면 좋겠어요
65f814cf1d9dbce4e6c2ad15,hy 떠먹는 윌 450g,2980,,false,plu*******,2023.11.14,5,항상 만족하는 제품입니다
65f814cf1d9dbce4e6c2ad16,hy 떠먹는 윌 450g,2980,,false,plu*******,2023.11.14,5,항상 만족하는 제품입니다
65f814cf1d9dbce4e6c2ad17,hy 떠먹는 윌 450g,2980,,false,kc1*******,2023.11.12,5,너무 만족합니다! 매번 주문할것 같아요
65f814cf1d9dbce4e6c2ad18,hy 떠먹는 윌 450g,2980,,false,hyu*******,2023.11.12,5,배송도 빠르고 포장도 좋아요 맛도 괜찮아요
65f814d11d9dbce4e6c2ad19,hy 떠먹는 윌 450g,2980,,false,kwj*******,2023.11.11,5,떠먹는윌처음에요 다른토핑넣어먹기좋아요
65f814d11d9dbce4e6c2ad1a,hy 떠먹는 윌 450g,2980,,false,kjl*******,2023.11.11,5,배송빠르고 잘 구매했습니다
65f814d11d9dbce4e6c2ad1b,hy 떠먹는 윌 450g,2980,,false,m61*******,2023.11.10,5,마시던걸 떠먹으니 색달라요
65f814d11d9dbce4e6c2ad1c,hy 떠먹는 윌 450g,2980,,false,lsg*******,2023.11.10,5,저렴하게 잘샀어요.
65f814d11d9dbce4e6c2ad1d,hy 떠먹는 윌 450g,2980,,false,fir*******,2023.11.09,5,맛있게 잘잘잘 먹을게요 맛있게 잘잘잘 먹을게요 맛있게 잘잘잘 먹을게요
65f814d11d9dbce4e6c2ad1e,hy 떠먹는 윌 450g,2980,,false,Kan*******,2023.11.09,5,생각보다 양이 많아서 좋아요
65f814d11d9dbce4e6c2ad1f,hy 떠먹는 윌 450g,2980,,false,bby*******,2023.11.08,5,쓱배송으로 편하게 잘 받았습니다.
65f814d11d9dbce4e6c2ad20,hy 떠먹는 윌 450g,2980,,false,jyl*******,2023.11.08,5,마시는 윌과 같은 맛이네요. 떠먹는 윌도 맛있어요.
65f814d11d9dbce4e6c2ad21,hy 떠먹는 윌 450g,2980,,false,aff*******,2023.11.07,5,무난한 선택....
65f814d11d9dbce4e6c2ad22,hy 떠먹는 윌 450g,2980,,false,bae*******,2023.11.07,5,배송 좋았고 제품도 괜찮습니다
65f814d21d9dbce4e6c2ad23,hy 떠먹는 윌 450g,2980,,false,tmd*******,2023.11.07,5,잘 받았습니다. 만족합니다.
65f814d21d9dbce4e6c2ad24,hy 떠먹는 윌 450g,2980,,false,kkj*******,2023.11.07,5,요거트중 제입맛에는 제일 나은거같아요 시리얼이나견과류넣어서 한끼로
65f814d21d9dbce4e6c2ad25,hy 떠먹는 윌 450g,2980,,false,djd*******,2023.11.07,5,다 좋지만 막걸리 맛이 나네요 ㅜ
65f814d21d9dbce4e6c2ad26,hy 떠먹는 윌 450g,2980,,false,syh*******,2023.11.06,5,견과류 넣고 먹음 맛있어요.
65f814d21d9dbce4e6c2ad27,hy 떠먹는 윌 450g,2980,,false,shi*******,2023.11.06,5,맛이 특별히 좋다던가 그렇진 않은데 윌이라서 먹습니다.
65f814d21d9dbce4e6c2ad28,hy 떠먹는 윌 450g,2980,,false,ham*******,2023.11.06,5,그냥먹어도 맛있고 토핑해서 먹어도 맛있어요
65f814d21d9dbce4e6c2ad29,hy 떠먹는 윌 450g,2980,,false,sky*******,2023.11.06,5,너무 좋은제품 싸게 사서 만족합니다요~^^
65f814d21d9dbce4e6c2ad2a,hy 떠먹는 윌 450g,2980,,false,you*******,2023.11.05,5,위 건강 생각해서 구입
65f814d21d9dbce4e6c2ad2b,hy 떠먹는 윌 450g,2980,,false,jhl*******,2023.11.05,5,가끔 할인해주면 좋을텐데
65f814d21d9dbce4e6c2ad2c,hy 떠먹는 윌 450g,2980,,false,riz*******,2023.11.05,5,기대보다는 그냥 그랬어요
65f814d41d9dbce4e6c2ad2d,hy 떠먹는 윌 450g,2980,,false,lek*******,2023.11.04,5,배송 잘 받았습니다
65f814d41d9dbce4e6c2ad2e,hy 떠먹는 윌 450g,2980,,false,kra*******,2023.11.03,5,좋아요맛있어요...
65f814d41d9dbce4e6c2ad2f,hy 떠먹는 윌 450g,2980,,false,rex*******,2023.11.03,5,간식으로 조아요~^^
65f814d41d9dbce4e6c2ad30,hy 떠먹는 윌 450g,2980,,false,lov*******,2023.11.02,5,ㅠㅠ 맛이 좀 특이해요 건강한 냄시네요
65f814d41d9dbce4e6c2ad31,hy 떠먹는 윌 450g,2980,,false,mhj*******,2023.11.02,5,늘 마시기만 하던걸 떠 먹어보니 더 맛있는것 같아요
65f814d41d9dbce4e6c2ad32,hy 떠먹는 윌 450g,2980,,false,hoo*******,2023.11.02,5,상품 좋고 배송 좋고 굿!
65f814d41d9dbce4e6c2ad33,hy 떠먹는 윌 450g,2980,,false,ary*******,2023.11.02,5,좋아요 자주 구매합니다
65f814d41d9dbce4e6c2ad34,hy 떠먹는 윌 450g,2980,,false,ary*******,2023.11.02,5,좋아요 자주 구매합니다
65f814d41d9dbce4e6c2ad35,hy 떠먹는 윌 450g,2980,,false,maj*******,2023.11.02,5,자주 구입하고있어요 ㅎㅎ
65f814d41d9dbce4e6c2ad36,hy 떠먹는 윌 450g,2980,,false,fob*******,2023.11.01,5,배송이 되어서 아주 편리합니다 자주 사용해요
65f814d61d9dbce4e6c2ad37,hy 떠먹는 윌 450g,2980,,false,hee*******,2023.10.23,5,"꾸덕한 버전의 윌이예요, 역시나 맛나용"
65f814d61d9dbce4e6c2ad38,hy 떠먹는 윌 450g,2980,,false,zzu*******,2023.10.22,5,자주 구매하는 상품입니다
65f814d61d9dbce4e6c2ad39,hy 떠먹는 윌 450g,2980,,false,sam*******,2023.10.21,5,맛있게 잘 먹었어요
65f814d61d9dbce4e6c2ad3a,hy 떠먹는 윌 450g,2980,,false,ej3*******,2023.10.21,5,맛있게 잘 먹었습니다 좋아요 좋아요 좋아요
65f814d61d9dbce4e6c2ad3b,hy 떠먹는 윌 450g,2980,,false,rjy*******,2023.10.19,5,"블루베리, 견과류 넣어 먹으면 건강에 도움이 될거 같아요"
65f814d61d9dbce4e6c2ad3c,hy 떠먹는 윌 450g,2980,,false,gml*******,2023.10.17,5,윌 먹어보고 주문해봅니다.
65f814d61d9dbce4e6c2ad3d,hy 떠먹는 윌 450g,2980,,false,han*******,2023.10.14,5,위가안좋아서 사먹어봤는데 용량이 많이들어있어서 병입보다 가성비는 좋은것같아요
65f814d61d9dbce4e6c2ad3e,hy 떠먹는 윌 450g,2980,,false,dng*******,2023.10.14,5,맛있어요 할인할때잘샀어여
65f814d61d9dbce4e6c2ad3f,hy 떠먹는 윌 450g,2980,,false,son*******,2023.10.12,5,즐겨 애용하는 상품입니다
65f814d71d9dbce4e6c2ad40,hy 떠먹는 윌 450g,2980,,false,ejs*******,2023.10.11,5,유효기간 12 일 뒤 좋아요
65f814d81d9dbce4e6c2ad41,hy 떠먹는 윌 450g,2980,,false,tjd*******,2023.10.11,5,저렴해서 구입해봤는데 너무너무 맛있어용.
65f814d81d9dbce4e6c2ad42,hy 떠먹는 윌 450g,2980,,false,fre*******,2023.10.11,5,맛있어요 맛있어요~~^^
65f814d81d9dbce4e6c2ad43,hy 떠먹는 윌 450g,2980,,false,kra*******,2023.10.09,5,좋아요잘받랐어요..
65f814d81d9dbce4e6c2ad44,hy 떠먹는 윌 450g,2980,,false,jhl*******,2023.10.08,5,맛도 좋고 배변 효과도 좋아요
65f814d81d9dbce4e6c2ad45,hy 떠먹는 윌 450g,2980,,false,fro*******,2023.10.07,5,양이 많아서 가족이 나눠먹었어용
65f814d81d9dbce4e6c2ad46,hy 떠먹는 윌 450g,2980,,false,pam*******,2023.10.06,5,맛이 아주 좋아요.
65f814d81d9dbce4e6c2ad47,hy 떠먹는 윌 450g,2980,,false,dai*******,2023.10.06,5,이 브랜드가 장에 전 잘 맞아서 늘 상비해둬요.
65f814d81d9dbce4e6c2ad48,hy 떠먹는 윌 450g,2980,,false,kbs*******,2023.10.06,5,행사 상품 저렴하게 구입
65f814d81d9dbce4e6c2ad49,hy 떠먹는 윌 450g,2980,,false,dur*******,2023.10.05,5,배송 잘 받았습니다
65f814d81d9dbce4e6c2ad4a,hy 떠먹는 윌 450g,2980,,false,syh*******,2023.10.04,5,견과류 넣고 먹음 맛있어요.
65f814d91d9dbce4e6c2ad4b,hy 떠먹는 윌 450g,2980,,false,ppo*******,2023.10.03,5,품절이라 1개 겨우 구입. 양이 넉넉해서 유용합니다.
65f814d91d9dbce4e6c2ad4c,hy 떠먹는 윌 450g,2980,,false,plu*******,2023.10.03,5,항상 만족하는 제품입니다
65f814d91d9dbce4e6c2ad4d,hy 떠먹는 윌 450g,2980,,false,mir*******,2023.10.03,5,마시는 윌도 좋은데 이것도 맛있어요 건강을 위해 먹기도 하지만 맛있어요ㅋ
65f814d91d9dbce4e6c2ad4e,hy 떠먹는 윌 450g,2980,,false,maj*******,2023.10.03,5,맛있죠 ㅎㅎ 또 구매해요
65f814d91d9dbce4e6c2ad4f,hy 떠먹는 윌 450g,2980,,false,LSJ*******,2023.10.03,5,저렴하고 맛있습니다
65f814d91d9dbce4e6c2ad50,hy 떠먹는 윌 450g,2980,,false,imt*******,2023.10.02,5,최근 지속적으로 구매하는 상품으로 만족합니다.
65f814d91d9dbce4e6c2ad51,hy 떠먹는 윌 450g,2980,,false,pri*******,2023.10.02,5,첨 시켜봤는데 맛도 양도 다 만족입니다. 유통기한도 넉넉한 걸로 보내주셨네요.
65f814d91d9dbce4e6c2ad52,hy 떠먹는 윌 450g,2980,,false,bba*******,2023.10.02,5,제품좋아요 추천합니다
65f814da1d9dbce4e6c2ad53,hy 떠먹는 윌 450g,2980,,false,vhr*******,2023.10.01,5,대용량으로 가성비 좋고 맛있네요
65f814da1d9dbce4e6c2ad54,hy 떠먹는 윌 450g,2980,,false,kjl*******,2023.10.01,5,배송빠르고 잘 구매했습니다
65f814db1d9dbce4e6c2ad55,hy 떠먹는 윌 450g,2980,,false,gli*******,2023.10.01,5,맛있어요 가격도 좋구요
65f814db1d9dbce4e6c2ad56,hy 떠먹는 윌 450g,2980,,false,ssa*******,2023.10.01,5,제가 가장 좋아하는 오거트입니다 절반 용량이 나오면 좋겠어요
65f814db1d9dbce4e6c2ad57,hy 떠먹는 윌 450g,2980,,false,nir*******,2023.10.01,5,아침식사 대용으로 좋아요
65f814db1d9dbce4e6c2ad58,hy 떠먹는 윌 450g,2980,,false,djd*******,2023.09.28,5,"괜찮아서 재구매 할 예정이에요~ 맛은 글쎄,, 막걸리 맛이 나는데 별로여서 소화는 잘되길래 괜찮아요"
65f814db1d9dbce4e6c2ad59,hy 떠먹는 윌 450g,2980,,false,che*******,2023.09.24,5,떠먹는 윌도 있기에 사봤는데... 전 마시는 음료가 더 나았던 것 같아요! 그래도 맛 있습니다!~
65f814db1d9dbce4e6c2ad5a,hy 떠먹는 윌 450g,2980,,false,ili*******,2023.09.21,5,떠먹는윌은 집에서 마시는윌처럼 떨어지지않는 아이템입니다 점점 떠먹는윌이 더 많이 먹게 됩니다 맛도 좋아요 과일이랑 견과류 넣고 늘 즐겨 먹어요
65f814db1d9dbce4e6c2ad5b,hy 떠먹는 윌 450g,2980,,false,blu*******,2023.09.01,5,어머니께서 위도 안 좋으시다고 하셔서 위를 시켜보았습니다. 조금 도움이 됐으면 좋겠습니다.
65f814db1d9dbce4e6c2ad5c,hy 떠먹는 윌 450g,2980,,false,o47*******,2023.08.23,5,"평소에 액상형으로 된 제품을 즐겨 먹었는데, 이건 어떨까 하는 궁금증에 주문했어요. 양도 많고 맛도 좋습니다."
65f814db1d9dbce4e6c2ad5d,hy 떠먹는 윌 450g,2980,,false,baj*******,2023.06.13,5,다 잘 샀는데 골드키위는 150g 이상인 점보 사이즈인 줄 알고 싰는데 알이 좀 작아요
65f814db1d9dbce4e6c2ad5e,hy 떠먹는 윌 450g,2980,,false,san*******,2023.05.29,5,마시는 윌이랑 비슷하면서도 다른 느낌이에요. 양도 많아요. 무튼 맛있어요~~
65f814dc1d9dbce4e6c2ad5f,hy 떠먹는 윌 450g,2980,,false,cjt*******,2023.05.22,5,좋아하는거라서 쟁여놓고 먹고 있어요~~
65f814dc1d9dbce4e6c2ad60,hy 떠먹는 윌 450g,2980,,false,cjt*******,2023.05.22,5,좋아하는 윌이라서 쟁여놓고 먹고 있어요~~
65f814dc1d9dbce4e6c2ad61,hy 떠먹는 윌 450g,2980,,false,rsj*******,2023.05.19,5,처음 본거라 사봤어요 맛있어요
65f814dc1d9dbce4e6c2ad62,hy 떠먹는 윌 450g,2980,,false,dad*******,2023.05.11,5,너무맛있어요. 윌엄청조아하는데 요플레는 생각보다 싸서 넘좋아요
65f814dc1d9dbce4e6c2ad63,hy 떠먹는 윌 450g,2980,,false,min*******,2023.05.08,5,요거트로 먹으니 색다르고 맛나요
65f814dc1d9dbce4e6c2ad64,hy 떠먹는 윌 450g,2980,,false,nyj*******,2023.05.03,5,용량 엄청 많네요 먹을때마다 덜어먹어요 윌 역시 맛있어요
65f814dc1d9dbce4e6c2ad65,hy 떠먹는 윌 450g,2980,,false,iwh*******,2023.04.30,5,윌인데 떠먹는다니! 진작 몰랐을 까요?!!
65f814dc1d9dbce4e6c2ad66,hy 떠먹는 윌 450g,2980,,false,c2t*******,2023.04.20,5,새콤달콤 맛있어요 재구매 생각이 들었어요
65f814dd1d9dbce4e6c2ad67,hy 떠먹는 윌 450g,2980,,false,jhs*******,2023.04.15,5,떠먹는 윌 궁금해서 주문해봤어요! 색다르고 좋네요!!
65f814dd1d9dbce4e6c2ad68,hy 떠먹는 윌 450g,2980,,false,hil*******,2024.03.16,4,2주동안 품절이라 구입하기가 별따기네 물건좀 빨리빨리 공수 좀합시다
65f814de1d9dbce4e6c2ad69,hy 떠먹는 윌 450g,2980,,false,tna*******,2024.03.12,4,좋아요 좋아요 좋아요
65f814de1d9dbce4e6c2ad6a,hy 떠먹는 윌 450g,2980,,false,mme*******,2024.03.11,4,유통기한 너무 짧은게 와서 당황했어요.
65f814de1d9dbce4e6c2ad6b,hy 떠먹는 윌 450g,2980,,false,yul*******,2024.03.10,4,일반적인요거트와는 조금다름
65f814de1d9dbce4e6c2ad6c,hy 떠먹는 윌 450g,2980,,false,202*******,2024.03.08,4,가성비 너무 좋아요
65f814de1d9dbce4e6c2ad6d,hy 떠먹는 윌 450g,2980,,false,hsk*******,2024.03.07,4,품질우수하고 맛있습니다
65f814de1d9dbce4e6c2ad6e,hy 떠먹는 윌 450g,2980,,false,iyu*******,2024.03.04,4,건강해지는 맛이에요
65f814de1d9dbce4e6c2ad6f,hy 떠먹는 윌 450g,2980,,false,hsk*******,2024.03.03,4,신선하고 품질좋아요
65f814de1d9dbce4e6c2ad70,hy 떠먹는 윌 450g,2980,,false,hil*******,2024.03.02,4,맛있게 잘먹었습니다
65f814de1d9dbce4e6c2ad71,hy 떠먹는 윌 450g,2980,,false,tna*******,2024.03.02,4,맛있어요 맛있어요 맛있어요
65f814de1d9dbce4e6c2ad72,hy 떠먹는 윌 450g,2980,,false,tna*******,2024.03.02,4,좋아요 좋아요 좋아요
65f814df1d9dbce4e6c2ad73,hy 떠먹는 윌 450g,2980,,false,geu*******,2024.03.01,4,맛있어요 잘 받았습니다
65f814df1d9dbce4e6c2ad74,hy 떠먹는 윌 450g,2980,,false,hil*******,2024.02.27,4,맛있게 잘먹었습니다
65f814df1d9dbce4e6c2ad75,hy 떠먹는 윌 450g,2980,,false,tjs*******,2024.02.22,4,처음 구매해봤는데 맛있어요
65f814df1d9dbce4e6c2ad76,hy 떠먹는 윌 450g,2980,,false,hil*******,2024.02.21,4,맛있게 잘먹었습니다
65f814df1d9dbce4e6c2ad77,hy 떠먹는 윌 450g,2980,,false,psm*******,2024.02.19,4,맛나고좋네요 양도많구요
65f814df1d9dbce4e6c2ad78,hy 떠먹는 윌 450g,2980,,false,now*******,2024.02.19,4,조아요 조아요~~~
65f814df1d9dbce4e6c2ad79,hy 떠먹는 윌 450g,2980,,false,pis*******,2024.02.18,4,"용량 크지만, 맛있어서 문제없어요. ㅎ"
65f814e01d9dbce4e6c2ad7a,hy 떠먹는 윌 450g,2980,,false,tna*******,2024.02.16,4,좋아요 좋아요 좋아요~~~
65f814e01d9dbce4e6c2ad7b,hy 떠먹는 윌 450g,2980,,false,son*******,2024.02.14,4,처음 구매했는데 많이 달아요.
65f814e01d9dbce4e6c2ad7c,hy 떠먹는 윌 450g,2980,,false,lp1*******,2024.02.13,4,처음구입 농후발효유라 좋아요
65f814e11d9dbce4e6c2ad7d,hy 떠먹는 윌 450g,2980,,false,jin*******,2024.02.10,4,배송 받는게 편해 한꺼번에 주문하는 상품
65f814e11d9dbce4e6c2ad7e,hy 떠먹는 윌 450g,2980,,false,tna*******,2024.02.07,4,맛있어요 맛있어요 맛있어요
65f814e11d9dbce4e6c2ad7f,hy 떠먹는 윌 450g,2980,,false,tna*******,2024.02.07,4,맛있어요 맛있어요 맛있어요~~
65f814e11d9dbce4e6c2ad80,hy 떠먹는 윌 450g,2980,,false,hil*******,2024.02.06,4,맛있게 잘먹었습니다
65f814e11d9dbce4e6c2ad81,hy 떠먹는 윌 450g,2980,,false,kon*******,2024.02.05,4,괜찮네요. 또 주문할게요
65f814e11d9dbce4e6c2ad82,hy 떠먹는 윌 450g,2980,,false,qbx*******,2024.02.05,4,자주 주문하는데 요번엔 안 깨져 왔어요
65f814e11d9dbce4e6c2ad83,hy 떠먹는 윌 450g,2980,,false,hsk*******,2024.02.04,4,신선하고 품질좋아요
65f814e11d9dbce4e6c2ad84,hy 떠먹는 윌 450g,2980,,false,tyd*******,2024.02.03,4,배송 잘 받았습니다
65f814e11d9dbce4e6c2ad85,hy 떠먹는 윌 450g,2980,,false,geu*******,2024.02.01,4,맛있어요 잘 받았습니다
65f814e11d9dbce4e6c2ad86,hy 떠먹는 윌 450g,2980,,false,kjs*******,2024.02.01,4,잘 구매했습니다 ~~~
65f814e21d9dbce4e6c2ad87,hy 떠먹는 윌 450g,2980,,false,hil*******,2024.01.30,4,맛이 있긴한데 품절이 잘되네요
65f814e21d9dbce4e6c2ad88,hy 떠먹는 윌 450g,2980,,false,ham*******,2024.01.30,4,요즘 계속 할인가격으로 판매하고있어서 하루 한두통씩 먹고있어요
65f814e21d9dbce4e6c2ad89,hy 떠먹는 윌 450g,2980,,false,yeo*******,2024.01.30,4,좋아요.추천합니다.
65f814e21d9dbce4e6c2ad8a,hy 떠먹는 윌 450g,2980,,false,ham*******,2024.01.15,4,요새 가격이 조금내려가서 매일먹고있어요. 진짜맛있어요
65f814e21d9dbce4e6c2ad8b,hy 떠먹는 윌 450g,2980,,false,beh*******,2024.01.08,4,요거트 값이 많이 비싸네요...비싸도 가끔 생각나서 주문합니다.
65f814e21d9dbce4e6c2ad8c,hy 떠먹는 윌 450g,2980,,false,tna*******,2024.01.04,4,좋아요 좋아요 좋아요
65f814e21d9dbce4e6c2ad8d,hy 떠먹는 윌 450g,2980,,false,H49*******,2024.01.03,4,배송 기사님께 감사드립니다.
65f814e31d9dbce4e6c2ad8e,hy 떠먹는 윌 450g,2980,,false,geu*******,2024.01.03,4,맛있어요 잘 받았습니다
65f814e31d9dbce4e6c2ad8f,hy 떠먹는 윌 450g,2980,,false,hsk*******,2024.01.02,4,신선하고 품질좋아요
65f814e31d9dbce4e6c2ad90,hy 떠먹는 윌 450g,2980,,false,hsk*******,2024.01.02,4,신선하고 품질좋아요
65f814e51d9dbce4e6c2ad91,hy 떠먹는 윌 450g,2980,,false,hik*******,2023.09.22,5,좋어요. 늘 이용허는 제품요
65f814e51d9dbce4e6c2ad92,hy 떠먹는 윌 450g,2980,,false,blu*******,2023.09.20,5,행사할 때 저렴히 구매했어요. 맛있어요.
65f814e51d9dbce4e6c2ad93,hy 떠먹는 윌 450g,2980,,false,nao*******,2023.09.19,4,매일 아침에 잘 먹고 있어요.
65f814e51d9dbce4e6c2ad94,hy 떠먹는 윌 450g,2980,,false,pet*******,2023.09.18,5,윌 장에좋아요 아침마다먹어요
65f814e51d9dbce4e6c2ad95,hy 떠먹는 윌 450g,2980,,false,les*******,2023.09.18,5,윌을 좋아해서 이 상품은 처음 구매해봅니디ㅡ~~
65f814e51d9dbce4e6c2ad96,hy 떠먹는 윌 450g,2980,,false,lhg*******,2023.09.17,5,좋아요 ~만족합니다 ^^
65f814e51d9dbce4e6c2ad97,hy 떠먹는 윌 450g,2980,,false,ssa*******,2023.09.17,5,맛있어요 매일 먹고 있어요
65f814e51d9dbce4e6c2ad98,hy 떠먹는 윌 450g,2980,,false,ric*******,2023.09.16,5,그냥 궁금해서... 윌은 원래대로 먹는게 최고임
65f814e51d9dbce4e6c2ad99,hy 떠먹는 윌 450g,2980,,false,juj*******,2023.09.16,5,좋아요 감사합니다~^^
65f814e51d9dbce4e6c2ad9a,hy 떠먹는 윌 450g,2980,,false,hoo*******,2023.09.14,5,제품좋고 배송 좋고 가격 좋고
65f814e61d9dbce4e6c2ad9b,hy 떠먹는 윌 450g,2980,,false,rog*******,2023.09.13,5,구지뽕잎맛있어요!!
65f814e61d9dbce4e6c2ad9c,hy 떠먹는 윌 450g,2980,,false,hyo*******,2023.09.13,5,맛 있어요 조아요 네
65f814e61d9dbce4e6c2ad9d,hy 떠먹는 윌 450g,2980,,false,abc*******,2023.09.13,5,떠먹는 윌 요거크 ㅜ
65f814e61d9dbce4e6c2ad9e,hy 떠먹는 윌 450g,2980,,false,nir*******,2023.09.13,5,마시는 윌보다 든든하게 먹을 수 있어 아침식사 대용으로 좋아요 가성비도 있구요맛있어요
65f814e61d9dbce4e6c2ad9f,hy 떠먹는 윌 450g,2980,,false,y56*******,2023.09.12,5,기다렸어요. 떠먹는 윌이 나오기를!!! 매우 만족합니다.
65f814e61d9dbce4e6c2ada0,hy 떠먹는 윌 450g,2980,,false,luv*******,2023.09.12,5,얼음팩에 쉬원하게 해서 왔네요 매우 잘 먹고있어요!!
65f814e71d9dbce4e6c2ada1,hy 떠먹는 윌 450g,2980,,false,jae*******,2023.09.10,5,좋아요 좋아요 ㅎㅎ 좋아요 좋아요 ㅎㅎ 좋아요 좋아요 ㅎㅎ 좋아요 좋아요
65f814e71d9dbce4e6c2ada2,hy 떠먹는 윌 450g,2980,,false,syh*******,2023.09.08,5,적당히 단맛이 있어서 맛있는 요거트예요.
65f814e71d9dbce4e6c2ada3,hy 떠먹는 윌 450g,2980,,false,tlz*******,2023.09.07,5,마시는 윌과 비슷한 맛
65f814e71d9dbce4e6c2ada4,hy 떠먹는 윌 450g,2980,,false,hoo*******,2023.09.07,5,제품 좋고 가격 좋고 배송도 만족 합니다
65f814e81d9dbce4e6c2ada5,hy 떠먹는 윌 450g,2980,,false,blu*******,2023.09.07,5,행사할 때 구매했는데 맛있어요. 좋아요.
65f814e81d9dbce4e6c2ada6,hy 떠먹는 윌 450g,2980,,false,bla*******,2023.09.07,5,완전 좋아하는 제품입니다. 자주 구매해요^^
65f814e81d9dbce4e6c2ada7,hy 떠먹는 윌 450g,2980,,false,LSJ*******,2023.09.07,5,저렴하고 맛있습니다.
65f814e81d9dbce4e6c2ada8,hy 떠먹는 윌 450g,2980,,false,iri*******,2023.09.06,5,좋은 가격에 잘 구매했습니다.
65f814e81d9dbce4e6c2ada9,hy 떠먹는 윌 450g,2980,,false,k79*******,2023.09.06,5,마시는 윌 좋아하는데 그 맛을 재연했네요. 다만 양이 넘 많아서 ㅎㅎ 세번 걸쳐서 먹음.
65f814e81d9dbce4e6c2adaa,hy 떠먹는 윌 450g,2980,,false,jhl*******,2023.09.05,5,세일을 자주하면 좋겠어요
65f814e81d9dbce4e6c2adab,hy 떠먹는 윌 450g,2980,,false,mh1*******,2023.09.05,5,굿굿굿 굿굿굿 굿굿굿
65f814e81d9dbce4e6c2adac,hy 떠먹는 윌 450g,2980,,false,sei*******,2023.09.04,5,할인해서 사봤는데.. 진해서 좋아요
65f814e81d9dbce4e6c2adad,hy 떠먹는 윌 450g,2980,,false,rjy*******,2023.09.04,5,"좀 달긴 하지만 과일, 견과류 섞어서 먹어요"
65f814e81d9dbce4e6c2adae,hy 떠먹는 윌 450g,2980,,false,jeo*******,2023.09.03,5,윌 대용량은 처음 구매여요 또 다음에도 살듯합니다^^
65f814e91d9dbce4e6c2adaf,hy 떠먹는 윌 450g,2980,,false,jbs*******,2023.09.03,5,새벽배송해주셔서감사합니다
65f814e91d9dbce4e6c2adb0,hy 떠먹는 윌 450g,2980,,false,hik*******,2023.09.03,5,이 제픔 맛있어요. 추천
65f814e91d9dbce4e6c2adb1,hy 떠먹는 윌 450g,2980,,false,cjt*******,2023.09.02,5,편하게 구매해서 좋아요~~
65f814e91d9dbce4e6c2adb2,hy 떠먹는 윌 450g,2980,,false,maj*******,2023.09.02,5,자주 주문하는 상품이에요 ㅎㅎ
65f814e91d9dbce4e6c2adb3,hy 떠먹는 윌 450g,2980,,false,shd*******,2023.09.01,5,블루베리랑 씨리얼 넣고 섞어먹으면 한끼 충분합니다 드셔보세요
65f814ea1d9dbce4e6c2adb4,hy 떠먹는 윌 450g,2980,,false,nir*******,2023.09.01,5,마시는 제품보다 든든해서 아침대용으로 먹어요
65f814ea1d9dbce4e6c2adb5,hy 떠먹는 윌 450g,2980,,false,iri*******,2023.09.01,5,맛있고 좋습니다~~
65f814ea1d9dbce4e6c2adb6,hy 떠먹는 윌 450g,2980,,false,whi*******,2023.08.31,5,"ja,ub,et ,wyvwub"
65f814ea1d9dbce4e6c2adb7,hy 떠먹는 윌 450g,2980,,false,pio*******,2023.08.31,5,맛도 좋고 부드럽고 소화도 잘되내요.
65f814ea1d9dbce4e6c2adb8,hy 떠먹는 윌 450g,2980,,false,pio*******,2023.08.31,5,부드럽고 맛있어요.
65f814eb1d9dbce4e6c2adb9,hy 떠먹는 윌 450g,2980,,false,epo*******,2023.08.30,5,재구매입니다 재구매예요
65f814eb1d9dbce4e6c2adba,hy 떠먹는 윌 450g,2980,,false,kyu*******,2023.08.29,5,항상주문하는제품입니다.
65f814eb1d9dbce4e6c2adbb,hy 떠먹는 윌 450g,2980,,false,lil*******,2023.08.29,5,편하게 배송받고 좋아요..
65f814eb1d9dbce4e6c2adbc,hy 떠먹는 윌 450g,2980,,false,lil*******,2023.08.29,5,편하게 배송받고 좋아요..
65f814eb1d9dbce4e6c2adbd,hy 떠먹는 윌 450g,2980,,false,s61*******,2023.08.26,5,떠먹는거보다는 마시는게 맛있는거같아요
65f814eb1d9dbce4e6c2adbe,hy 떠먹는 윌 450g,2980,,false,epo*******,2023.08.26,5,재구매입니다 재구매예요
65f814eb1d9dbce4e6c2adbf,hy 떠먹는 윌 450g,2980,,false,say*******,2023.08.26,5,윌 요구르트 안달고 맛있네요
65f814eb1d9dbce4e6c2adc0,hy 떠먹는 윌 450g,2980,,false,shp*******,2023.08.24,5,배송빠르고 좋아요 맛있어요 윌이 요거트로나오니 좋아요
65f814eb1d9dbce4e6c2adc1,hy 떠먹는 윌 450g,2980,,false,mat*******,2023.08.23,5,잘 먹었습니다~~~
65f814eb1d9dbce4e6c2adc2,hy 떠먹는 윌 450g,2980,,false,hik*******,2023.08.22,5,요즘 푹 빠진 제품이에요
65f814ec1d9dbce4e6c2adc3,hy 떠먹는 윌 450g,2980,,false,sta*******,2023.08.22,5,맛있게 잘먹었어요~~
65f814ec1d9dbce4e6c2adc4,hy 떠먹는 윌 450g,2980,,false,jbs*******,2023.08.21,5,고맙습니다 안전운전하세요
65f814ec1d9dbce4e6c2adc5,hy 떠먹는 윌 450g,2980,,false,sky*******,2023.08.20,5,처늠도전합니다기대해봅니다
65f814ec1d9dbce4e6c2adc6,hy 떠먹는 윌 450g,2980,,false,sta*******,2023.08.20,5,마시는 요구르트만 먹었는데 떠먹는 게 있어서 샀는데 맛있어요.
65f814ec1d9dbce4e6c2adc7,hy 떠먹는 윌 450g,2980,,false,syh*******,2023.08.20,5,요거트중에서 덜 달고 맛있어요.
65f814ed1d9dbce4e6c2adc8,hy 떠먹는 윌 450g,2980,,false,byu*******,2023.08.20,5,항상 애용하는 상품 이에요
65f814ed1d9dbce4e6c2adc9,hy 떠먹는 윌 450g,2980,,false,dla*******,2023.08.18,5,배송이빠르고 좋아요
65f814ed1d9dbce4e6c2adca,hy 떠먹는 윌 450g,2980,,false,min*******,2023.08.18,5,마시는 음료 맛과 거의 비슷합니다. 윌 요거트 맛있네요.
65f814ed1d9dbce4e6c2adcb,hy 떠먹는 윌 450g,2980,,false,mys*******,2023.08.18,5,너무너무 맛있어요!!
65f814ed1d9dbce4e6c2adcc,hy 떠먹는 윌 450g,2980,,false,goe*******,2023.08.18,5,떠먹는걸로 나와서 주문해봅니다
65f814ee1d9dbce4e6c2adcd,hy 떠먹는 윌 450g,2980,,false,lim*******,2023.08.18,5,늘 잘 쓰고 있어요~^^
65f814ee1d9dbce4e6c2adce,hy 떠먹는 윌 450g,2980,,false,qut*******,2023.08.18,5,감사합니다 개굳이내요
65f814ee1d9dbce4e6c2adcf,hy 떠먹는 윌 450g,2980,,false,red*******,2023.08.17,5,늘 구매하는 제품입니다
65f814ee1d9dbce4e6c2add0,hy 떠먹는 윌 450g,2980,,false,gre*******,2023.08.16,5,자주 구매하는 상품입니다~
65f814ee1d9dbce4e6c2add1,hy 떠먹는 윌 450g,2980,,false,jbs*******,2023.08.16,5,새벽배송 감사합니다
65f814ee1d9dbce4e6c2add2,hy 떠먹는 윌 450g,2980,,false,jbs*******,2023.08.16,5,새벽배송 감사합니다
65f814ee1d9dbce4e6c2add3,hy 떠먹는 윌 450g,2980,,false,bae*******,2023.08.15,5,블루베리 넣어서 먹어요
65f814ee1d9dbce4e6c2add4,hy 떠먹는 윌 450g,2980,,false,kse*******,2023.08.15,5,양도많고맛도좋아요또주문할게요
65f814ee1d9dbce4e6c2add5,hy 떠먹는 윌 450g,2980,,false,dai*******,2023.08.15,5,윌보다 싸서 구매하는데 효과는 여전해서 좋네요
65f814ee1d9dbce4e6c2add6,hy 떠먹는 윌 450g,2980,,false,yim*******,2023.08.15,5,남편이 몹시 흡족해함다 대용량
65f814ef1d9dbce4e6c2add7,hy 떠먹는 윌 450g,2980,,false,fre*******,2023.08.14,5,맛있어요 맛있어요 ^^
65f814ef1d9dbce4e6c2add8,hy 떠먹는 윌 450g,2980,,false,wjd*******,2023.08.14,5,빠른 배송 감사드립니다 포장도 꼼꼼하고 맛도 있고요~
65f814ef1d9dbce4e6c2add9,hy 떠먹는 윌 450g,2980,,false,pkc*******,2023.08.14,5,맛있어요~맛있어요~^^
65f814ef1d9dbce4e6c2adda,hy 떠먹는 윌 450g,2980,,false,woo*******,2023.08.13,5,완전 플레인이 아닌 듯 하네요 과일 얹어 먹으니 좋아요
65f814ef1d9dbce4e6c2addb,hy 떠먹는 윌 450g,2980,,false,lov*******,2023.08.12,5,쓱배송으로 편하게 잘 받았어요
65f814f01d9dbce4e6c2addc,hy 떠먹는 윌 450g,2980,,false,wld*******,2023.08.11,5,좋아요 자주구매하고 신선해요
65f814f01d9dbce4e6c2addd,hy 떠먹는 윌 450g,2980,,false,poo*******,2023.08.10,5,양도 많고 아이들이 잘먹네요
65f814f01d9dbce4e6c2adde,hy 떠먹는 윌 450g,2980,,false,fob*******,2023.08.10,5,배송이 되어서 아주 편리합니다
65f814f01d9dbce4e6c2addf,hy 떠먹는 윌 450g,2980,,false,dyn*******,2023.08.09,5,맛있어요. 유통기한도 괜찮네요
65f814f01d9dbce4e6c2ade0,hy 떠먹는 윌 450g,2980,,false,ju4*******,2023.08.09,5,저렴하게 구입했어요
65f814f11d9dbce4e6c2ade1,hy 떠먹는 윌 450g,2980,,false,nir*******,2023.08.09,5,새로나온 제품이라 구매해요
65f814f11d9dbce4e6c2ade2,hy 떠먹는 윌 450g,2980,,false,ksy*******,2023.08.09,5,양은 많지만 금방 없어지네요
65f814f11d9dbce4e6c2ade3,hy 떠먹는 윌 450g,2980,,false,my0*******,2023.08.09,4,윌과 맛이 같아요 저는 개인적으로 달지않는 그릭이 더 좋은거 같아요
65f814f11d9dbce4e6c2ade4,hy 떠먹는 윌 450g,2980,,false,oph*******,2023.08.09,5,쓱배송 추천합니다.
65f814f11d9dbce4e6c2ade5,hy 떠먹는 윌 450g,2980,,false,nao*******,2023.08.08,4,매일 아침에 견과류&과일하고 먹어요~!
65f814f11d9dbce4e6c2ade6,hy 떠먹는 윌 450g,2980,,false,red*******,2023.08.08,5,빠른 배송 감사합니다
65f814f11d9dbce4e6c2ade7,hy 떠먹는 윌 450g,2980,,false,mee*******,2023.08.07,5,진짜 맛있어요. 드링크타입보다 즐거움이 더 있네요
65f814f11d9dbce4e6c2ade8,hy 떠먹는 윌 450g,2980,,false,jjj*******,2023.08.07,5,떠먹는 윌 맛있어요
65f814f11d9dbce4e6c2ade9,hy 떠먹는 윌 450g,2980,,false,gy8*******,2023.08.06,5,떠먹는 윌은 처음사봤는데 괜찮은거 같아요
65f814f11d9dbce4e6c2adea,hy 떠먹는 윌 450g,2980,,false,dla*******,2023.08.05,5,배송이빠르고 좋아요
65f814f31d9dbce4e6c2adeb,hy 떠먹는 윌 450g,2980,,false,jki*******,2023.08.02,5,윌 요거트 꽤 묽어요
65f814f31d9dbce4e6c2adec,hy 떠먹는 윌 450g,2980,,false,jjj*******,2023.08.02,5,떠먹는 윌 요구르트 맛있어요
65f814f31d9dbce4e6c2aded,hy 떠먹는 윌 450g,2980,,false,hac*******,2023.08.02,5,좋은 상품 감사합니다
65f814f41d9dbce4e6c2adee,hy 떠먹는 윌 450g,2980,,false,nae*******,2023.08.01,5,마시는윌과 맛이같아요맛있어요 재구매합니다
65f814f41d9dbce4e6c2adef,hy 떠먹는 윌 450g,2980,,false,rjy*******,2023.08.01,5,견과류나 관이릉 넣어 먹으면 든든
65f814f41d9dbce4e6c2adf0,hy 떠먹는 윌 450g,2980,,false,her*******,2023.07.30,5,맛나요~~ 윌 자주먹는데 요건 어떨지~
65f814f41d9dbce4e6c2adf1,hy 떠먹는 윌 450g,2980,,false,wbi*******,2023.07.30,5,가격이 저렴하면 좋겠어요
65f814f41d9dbce4e6c2adf2,hy 떠먹는 윌 450g,2980,,false,gra*******,2023.07.30,5,떠먹는건 첨이에요 오배송으로 겉에 물이 줄줄 흘러 돌아왔네요
65f814f41d9dbce4e6c2adf3,hy 떠먹는 윌 450g,2980,,false,dan*******,2023.07.30,5,"좋아요, 늘 애용합니다!"
65f814f41d9dbce4e6c2adf4,hy 떠먹는 윌 450g,2980,,false,min*******,2023.07.30,5,ubdnucnymu84 i
65f814f51d9dbce4e6c2adf5,hy 떠먹는 윌 450g,2980,,false,min*******,2023.07.30,5,7ehnu e ybnyceny3c7m3c8k
65f814f51d9dbce4e6c2adf6,hy 떠먹는 윌 450g,2980,,false,phi*******,2023.07.30,5,늘 애용하는 제품입니다 저렴하고 좋아요
65f814f51d9dbce4e6c2adf7,hy 떠먹는 윌 450g,2980,,false,pio*******,2023.07.29,5,맛이 있어요. 부드러워요.
65f814f51d9dbce4e6c2adf8,hy 떠먹는 윌 450g,2980,,false,pho*******,2023.07.29,5,재구매입니다 늘 먹는 한국야쿠르트 윌
65f814f51d9dbce4e6c2adf9,hy 떠먹는 윌 450g,2980,,false,yon*******,2023.07.29,5,많이 달아오 맛나요
65f814f51d9dbce4e6c2adfa,hy 떠먹는 윌 450g,2980,,false,jjj*******,2023.07.28,5,아침에 과일이랑 먹으면 맛있어요
65f814f51d9dbce4e6c2adfb,hy 떠먹는 윌 450g,2980,,false,dhd*******,2023.07.28,5,아주좋아요아주좋아요
65f814f51d9dbce4e6c2adfc,hy 떠먹는 윌 450g,2980,,false,rjy*******,2023.07.28,5,위장을 위해 먹고 있는데 좀 달아요
65f814f51d9dbce4e6c2adfd,hy 떠먹는 윌 450g,2980,,false,kkc*******,2023.07.28,5,맛있습니다 양 많네요
65f814f51d9dbce4e6c2adfe,hy 떠먹는 윌 450g,2980,,false,cjs*******,2023.07.27,5,배송빠르고물건좋아요
65f814f61d9dbce4e6c2adff,hy 떠먹는 윌 450g,2980,,false,for*******,2023.07.26,5,배송도 빠르고 편리하게 이용할수있어서 좋아요
65f814f61d9dbce4e6c2ae00,hy 떠먹는 윌 450g,2980,,false,mm1*******,2023.07.26,5,맛있고 아이들도 좋아해요
65f814f71d9dbce4e6c2ae01,hy 떠먹는 윌 450g,2980,,false,jem*******,2023.07.22,5,뭔가....호불호가 있을거 같아요. 저지방도 만들어 쥬세요!
65f814f71d9dbce4e6c2ae02,hy 떠먹는 윌 450g,2980,,false,emj*******,2023.07.21,5,신선하고 부드러워 자주구매합니다
65f814f71d9dbce4e6c2ae03,hy 떠먹는 윌 450g,2980,,false,war*******,2023.07.21,5,요거트로 좋아요 사봤어요
65f814f71d9dbce4e6c2ae04,hy 떠먹는 윌 450g,2980,,false,jjj*******,2023.07.20,5,용량이 많아서 좋습니다
65f814f71d9dbce4e6c2ae05,hy 떠먹는 윌 450g,2980,,false,oph*******,2023.07.18,5,맛있어요 추천합니다 추천합니다.
65f814f71d9dbce4e6c2ae06,hy 떠먹는 윌 450g,2980,,false,vlf*******,2023.07.18,5,윌은 역시 맛있어요
65f814f71d9dbce4e6c2ae07,hy 떠먹는 윌 450g,2980,,false,syh*******,2023.07.17,5,애용하는 요거트입니다.
65f814f71d9dbce4e6c2ae08,hy 떠먹는 윌 450g,2980,,false,pea*******,2023.07.17,5,맛있고 간편해서 좋아요
65f814f81d9dbce4e6c2ae09,hy 떠먹는 윌 450g,2980,,false,son*******,2023.07.15,5,적당히 달고 적당히 묽어요.
65f814f81d9dbce4e6c2ae0a,hy 떠먹는 윌 450g,2980,,false,jun*******,2023.07.14,5,"마시는 윌 좋아하는데, 떠먹는 윌도 있길래 구입해봤어요. 이것도 맛있네요"
65f814f81d9dbce4e6c2ae0b,hy 떠먹는 윌 450g,2980,,false,dai*******,2023.07.14,5,사무실 종일 앉아만 있으니 변비가 생겨서 구매하는데 효과좋고 드레싱 쓰기도 좋고 맛있어요
65f814f81d9dbce4e6c2ae0c,hy 떠먹는 윌 450g,2980,,false,fre*******,2023.07.13,5,맛있어요 맛있어요 맛있어요
65f814f81d9dbce4e6c2ae0d,hy 떠먹는 윌 450g,2980,,false,ter*******,2023.07.13,5,마시는 것보다 떠먹는 제품이 더 맛있어요^^
65f814f81d9dbce4e6c2ae0e,hy 떠먹는 윌 450g,2980,,false,cjw*******,2023.07.13,5,저지방도 있았음 좋겠네요
65f814f81d9dbce4e6c2ae0f,hy 떠먹는 윌 450g,2980,,false,dkc*******,2023.07.12,5,좋은가격에 잘 샀어요. 만족해요.
65f814f81d9dbce4e6c2ae10,hy 떠먹는 윌 450g,2980,,false,abc*******,2023.07.11,5,맛있게 잘 먹었습니다^^
65f814f81d9dbce4e6c2ae11,hy 떠먹는 윌 450g,2980,,false,mel*******,2023.07.09,5,맛잇어요 살짝 시큼? 새콤? 해요
65f814f81d9dbce4e6c2ae12,hy 떠먹는 윌 450g,2980,,false,hah*******,2023.07.08,5,다 터져서 와서 교환했어요.
65f814f91d9dbce4e6c2ae13,hy 떠먹는 윌 450g,2980,,false,rei*******,2023.07.07,5,맛있게먹을수있네요.
65f814fa1d9dbce4e6c2ae14,hy 떠먹는 윌 450g,2980,,false,som*******,2023.07.06,5,추천합니다 ㅎㅎ 추천합니다 ㅎㅎ
65f814fa1d9dbce4e6c2ae15,hy 떠먹는 윌 450g,2980,,false,som*******,2023.07.06,5,추천합니다 ㅎㅎ 추천합니다 ㅎㅎ
65f814fa1d9dbce4e6c2ae16,hy 떠먹는 윌 450g,2980,,false,syh*******,2023.07.05,5,견과류. 블루베리 넣고 먹음 맛있어요.
65f814fa1d9dbce4e6c2ae17,hy 떠먹는 윌 450g,2980,,false,oph*******,2023.07.04,5,쓱배송 빠르고 좋아요 추천해요
65f814fa1d9dbce4e6c2ae18,hy 떠먹는 윌 450g,2980,,false,sca*******,2023.07.04,5,처음 구매 해 봤는데 맘에 들어요
65f814fa1d9dbce4e6c2ae19,hy 떠먹는 윌 450g,2980,,false,wls*******,2023.07.03,5,좋아해요 조금 달긴해요
65f814fa1d9dbce4e6c2ae1a,hy 떠먹는 윌 450g,2980,,false,tlz*******,2023.07.02,5,양도 많고 맛있어요
65f814fa1d9dbce4e6c2ae1b,hy 떠먹는 윌 450g,2980,,false,syh*******,2023.07.02,5,부드러운 요거트 맛있어요.
65f814fa1d9dbce4e6c2ae1c,hy 떠먹는 윌 450g,2980,,false,tot*******,2023.07.02,5,아주 좋아요 만족 합니다.
65f814fb1d9dbce4e6c2ae1d,hy 떠먹는 윌 450g,2980,,false,ko7*******,2023.07.02,5,처음에 뚜껑쪽포장이 터져서 와서 교환했어요
65f814fb1d9dbce4e6c2ae1e,hy 떠먹는 윌 450g,2980,,false,ar1*******,2023.07.02,5,배송빠르고 잘받았습니다 ㅎㅎ
65f814fb1d9dbce4e6c2ae1f,hy 떠먹는 윌 450g,2980,,false,cho*******,2023.07.02,5,덜어먹기가 좀 불편하지만 맛은.좋아요
65f814fb1d9dbce4e6c2ae20,hy 떠먹는 윌 450g,2980,,false,rum*******,2023.07.01,5,맛있네요 아침마다 먹었어요
65f814fb1d9dbce4e6c2ae21,hy 떠먹는 윌 450g,2980,,false,cho*******,2023.07.01,5,마시는 윌과 맛이 진짜 똑같아요♡
65f814fb1d9dbce4e6c2ae22,hy 떠먹는 윌 450g,2980,,false,dai*******,2023.07.01,5,맛있어요. 장 효과도 좋고 드레싱으로 쓰기도 좋고 만족해요
65f814fb1d9dbce4e6c2ae23,hy 떠먹는 윌 450g,2980,,false,med*******,2023.06.06,5,세일해서 사봤는데 마시는 윌에 익숙해서 그런가 요거트 윌은 살짝 거부감이 있네요 나쁘진 않으나 재구매 생각은 없습니다
65f814fb1d9dbce4e6c2ae24,hy 떠먹는 윌 450g,2980,,false,koc*******,2023.12.28,4,처음 먹어 봤는데 맛있기는 한데 조금 덜 달면 좋겠네요
65f814fb1d9dbce4e6c2ae25,hy 떠먹는 윌 450g,2980,,false,hdl*******,2023.12.24,4,언제나 변함없이 맛있어요.
65f814fb1d9dbce4e6c2ae26,hy 떠먹는 윌 450g,2980,,false,tna*******,2023.12.21,4,맛있어요 맛있어요 맛있어요
65f814fd1d9dbce4e6c2ae27,hy 떠먹는 윌 450g,2980,,false,iyu*******,2023.12.17,4,윌 이니 위장에도 좋을 것 같아서 구입했어요
65f814fd1d9dbce4e6c2ae28,hy 떠먹는 윌 450g,2980,,false,w1s*******,2023.12.17,4,야쿠르트 제품 마트구매 좋아요
65f814fd1d9dbce4e6c2ae29,hy 떠먹는 윌 450g,2980,,false,tna*******,2023.12.04,4,맛있어요 맛있어요 맛있어요
65f814fd1d9dbce4e6c2ae2a,hy 떠먹는 윌 450g,2980,,false,ace*******,2023.12.03,4,자주구매하는데 유통기한 너무 짧은걸로 주시네요
65f814fd1d9dbce4e6c2ae2b,hy 떠먹는 윌 450g,2980,,false,geu*******,2023.12.01,4,잘 받았습니다 감사합니다
65f814fd1d9dbce4e6c2ae2c,hy 떠먹는 윌 450g,2980,,false,sep*******,2023.12.01,4,가격 괜찮고 맛있어요.
65f814fd1d9dbce4e6c2ae2d,hy 떠먹는 윌 450g,2980,,false,hyo*******,2023.11.29,4,맛은 괜찮은데 유통기한이 너무 짧아요
65f814fd1d9dbce4e6c2ae2e,hy 떠먹는 윌 450g,2980,,false,por*******,2023.11.28,4,윌을 농축한 맛이라서 새로우나 단 맛이 좀 있어요
65f814fd1d9dbce4e6c2ae2f,hy 떠먹는 윌 450g,2980,,false,bp3*******,2023.11.20,4,덜 단 그릭 제품과 함께 먹어요. 먹기 편해서 좋고 양도 만족해요
65f814fd1d9dbce4e6c2ae30,hy 떠먹는 윌 450g,2980,,false,you*******,2023.11.14,4,배송 잘 받았습니다.
65f814fe1d9dbce4e6c2ae31,hy 떠먹는 윌 450g,2980,,false,san*******,2023.11.09,4,감사합니다 잘받았어요
65f814fe1d9dbce4e6c2ae32,hy 떠먹는 윌 450g,2980,,false,cyh*******,2023.11.09,4,양이 많은 떠먹는 윌
65f814fe1d9dbce4e6c2ae33,hy 떠먹는 윌 450g,2980,,false,ran*******,2023.11.08,4,제 입맛엔 잘안맞았어요
65f814fe1d9dbce4e6c2ae34,hy 떠먹는 윌 450g,2980,,false,ys8*******,2023.10.16,4,너무 달지 않고 맛있게 달아 그릭요거트와 섞어 먹기 좋아요
65f814fe1d9dbce4e6c2ae35,hy 떠먹는 윌 450g,2980,,false,jiw*******,2023.10.15,4,매실맛이 좀 너무 많이나요
65f814fe1d9dbce4e6c2ae36,hy 떠먹는 윌 450g,2980,,false,cho*******,2023.10.10,4,좀 단맛이 잇어서 먹기는 좋아요ㅡ
65f814fe1d9dbce4e6c2ae37,hy 떠먹는 윌 450g,2980,,false,geu*******,2023.10.01,4,빠른 배송으로 잘 받았습니다
65f814fe1d9dbce4e6c2ae38,hy 떠먹는 윌 450g,2980,,false,geu*******,2023.10.01,4,잘 받았습니다 감사합니다
65f814fe1d9dbce4e6c2ae39,hy 떠먹는 윌 450g,2980,,false,es1*******,2023.08.23,4,마시는 음료만 먹어봤는데 떠먹는 요거트용으로 나와서 더 편하기도 해요 용량도 굉장히 많아요
65f814fe1d9dbce4e6c2ae3a,hy 떠먹는 윌 450g,2980,,false,mw2*******,2023.06.30,5,나눠먹기에 편해서 좋아요
65f815001d9dbce4e6c2ae3b,hy 떠먹는 윌 450g,2980,,false,cle*******,2023.06.30,5,"윌 마시기만 했는데, 떠먹는 요거트로도 훌륭하네요 :)"
65f815001d9dbce4e6c2ae3c,hy 떠먹는 윌 450g,2980,,false,mwh*******,2023.06.30,5,큰게 나와서 넘 조으네요.
65f815001d9dbce4e6c2ae3d,hy 떠먹는 윌 450g,2980,,false,tou*******,2023.06.30,5,저렴히 잘 구입 만족합니다.
65f815001d9dbce4e6c2ae3e,hy 떠먹는 윌 450g,2980,,false,pio*******,2023.06.29,5,맛있어요. 좋아요.
65f815001d9dbce4e6c2ae3f,hy 떠먹는 윌 450g,2980,,false,dz3*******,2023.06.29,5,맛있어요 부드러운 윌맛
65f815001d9dbce4e6c2ae40,hy 떠먹는 윌 450g,2980,,false,dan*******,2023.06.29,5,늘 이용하는 거예요
65f815001d9dbce4e6c2ae41,hy 떠먹는 윌 450g,2980,,false,bae*******,2023.06.28,5,맛있어서 종종 구매해요
65f815001d9dbce4e6c2ae42,hy 떠먹는 윌 450g,2980,,false,wsm*******,2023.06.28,5,감사합니다 잘 먹었습니다 항상 시켜요~
65f815001d9dbce4e6c2ae43,hy 떠먹는 윌 450g,2980,,false,cyh*******,2023.06.25,5,늘 이용하는 쓱제품입니다. 좋아요^^
65f815001d9dbce4e6c2ae44,hy 떠먹는 윌 450g,2980,,false,flo*******,2023.06.25,5,맛있어오ㅡ 과일넣엇니 멉어요
65f815021d9dbce4e6c2ae45,hy 떠먹는 윌 450g,2980,,false,mee*******,2023.06.19,5,좋아요 좋아요 좋아요
65f815021d9dbce4e6c2ae46,hy 떠먹는 윌 450g,2980,,false,woo*******,2023.06.19,5,맛있게 잘먹었어요~
65f815021d9dbce4e6c2ae47,hy 떠먹는 윌 450g,2980,,false,lsw*******,2023.06.19,5,너무 괜찮네요 추천드립니다
65f815021d9dbce4e6c2ae48,hy 떠먹는 윌 450g,2980,,false,ohs*******,2023.06.17,5,아주 좋아요 ㅎㅎ 좋아요
65f815021d9dbce4e6c2ae49,hy 떠먹는 윌 450g,2980,,false,sco*******,2023.06.17,5,요거 항상 구매하는 제품
65f815021d9dbce4e6c2ae4a,hy 떠먹는 윌 450g,2980,,false,nao*******,2023.06.16,4,그릭요거트 먹다가 바꿨는데 많이 달지않아서 맛있어요.
65f815021d9dbce4e6c2ae4b,hy 떠먹는 윌 450g,2980,,false,syh*******,2023.06.13,5,처음 구매하는데 맛있을 것같아요.
65f815021d9dbce4e6c2ae4c,hy 떠먹는 윌 450g,2980,,false,moo*******,2023.06.13,5,떠먹으니까 맛있네요 ㅎ
65f815021d9dbce4e6c2ae4d,hy 떠먹는 윌 450g,2980,,false,mtm*******,2023.06.13,5,가족들이 좋아하네요 굿 강추
65f815031d9dbce4e6c2ae4e,hy 떠먹는 윌 450g,2980,,false,kim*******,2023.06.11,5,윌밋하고 같고 맛나요 요즘엔 요거트 이걸로만 계속 먹어요
65f815041d9dbce4e6c2ae4f,hy 떠먹는 윌 450g,2980,,false,ohs*******,2023.06.11,5,아주 좋아요 ㅎㅎ 좋아요
65f815041d9dbce4e6c2ae50,hy 떠먹는 윌 450g,2980,,false,tbd*******,2023.06.10,5,맛있게 잘 먹습니다
65f815041d9dbce4e6c2ae51,hy 떠먹는 윌 450g,2980,,false,kok*******,2023.06.10,5,마시는 오리지널 윌의 맛이 똑같고 떠먹을 수 있어서 씨리얼과 섞어서 먹습니다
65f815041d9dbce4e6c2ae52,hy 떠먹는 윌 450g,2980,,false,ary*******,2023.06.09,5,좋아요 자주 구매합니다
65f815041d9dbce4e6c2ae53,hy 떠먹는 윌 450g,2980,,false,pol*******,2023.06.08,5,자주이용하는 상품입니다
65f815041d9dbce4e6c2ae54,hy 떠먹는 윌 450g,2980,,false,eun*******,2023.06.07,5,자주 구매하고 있습니다
65f815041d9dbce4e6c2ae55,hy 떠먹는 윌 450g,2980,,false,suz*******,2023.06.07,5,양도 많고 편하게 먹을 수 있어요
65f815041d9dbce4e6c2ae56,hy 떠먹는 윌 450g,2980,,false,pms*******,2023.06.06,5,잘 받았습니다. 좋습니다.
65f815041d9dbce4e6c2ae57,hy 떠먹는 윌 450g,2980,,false,fai*******,2023.06.06,5,감사합니다 잘먹겠습니다
65f815041d9dbce4e6c2ae58,hy 떠먹는 윌 450g,2980,,false,soo*******,2023.06.06,5,늘 구매하는상품 입니다 가성비 최고상품.
65f815051d9dbce4e6c2ae59,hy 떠먹는 윌 450g,2980,,false,soo*******,2023.06.06,5,늘 구매하는상품 입니다 가성비 최고상품.
65f815051d9dbce4e6c2ae5a,hy 떠먹는 윌 450g,2980,,false,soo*******,2023.06.06,5,늘 구매하는상품 입니다 가성비 최고상품.
65f815051d9dbce4e6c2ae5b,hy 떠먹는 윌 450g,2980,,false,oph*******,2023.06.05,5,쓱배송을 추천합니다
65f815051d9dbce4e6c2ae5c,hy 떠먹는 윌 450g,2980,,false,pps*******,2023.06.05,5,좋습니다 감사합니다~~
65f815051d9dbce4e6c2ae5d,hy 떠먹는 윌 450g,2980,,false,mou*******,2023.06.03,5,월은 그냥 마시는걸로ㅎㅎ
65f815051d9dbce4e6c2ae5e,hy 떠먹는 윌 450g,2980,,false,lee*******,2023.06.03,5,떠먹는 윌은 처음 먹는데 마시는것 보다는 아니지만 맛있고 좋아요
65f815051d9dbce4e6c2ae5f,hy 떠먹는 윌 450g,2980,,false,jun*******,2023.06.03,5,윌과 요거트 합체 가격 좋다!!
65f815051d9dbce4e6c2ae60,hy 떠먹는 윌 450g,2980,,false,app*******,2023.06.03,5,늘 애용하는제품이예요
65f815061d9dbce4e6c2ae61,hy 떠먹는 윌 450g,2980,,false,382*******,2023.06.02,5,행사해서 저렴하게 구매했어요
65f815061d9dbce4e6c2ae62,hy 떠먹는 윌 450g,2980,,false,wls*******,2023.06.02,5,맛있네요 ㅎㅎㅎ윌좋아하면 맛있어요
65f815071d9dbce4e6c2ae63,hy 떠먹는 윌 450g,2980,,false,suk*******,2023.06.02,5,맛있어요 맛있어요 ㅎㅎ
65f815071d9dbce4e6c2ae64,hy 떠먹는 윌 450g,2980,,false,suk*******,2023.06.02,5,맛있어요 맛있어요 ㅎㅎ
65f815071d9dbce4e6c2ae65,hy 떠먹는 윌 450g,2980,,false,cho*******,2023.06.01,5,마시는 윌과 맛이 똑같아서 자주 구입해요♡
65f815071d9dbce4e6c2ae66,hy 떠먹는 윌 450g,2980,,false,dae*******,2023.06.01,5,매번 구매하는 제품입니다.
65f815071d9dbce4e6c2ae67,hy 떠먹는 윌 450g,2980,,false,orc*******,2023.06.01,5,좋아요 좋아요~~~
65f815071d9dbce4e6c2ae68,hy 떠먹는 윌 450g,2980,,false,orc*******,2023.06.01,5,좋아요 좋아요~~~
65f815071d9dbce4e6c2ae69,hy 떠먹는 윌 450g,2980,,false,sil*******,2023.06.01,5,감사합니다 잘받았습니다
65f815071d9dbce4e6c2ae6a,hy 떠먹는 윌 450g,2980,,false,BGK*******,2023.06.01,5,아주 맛있습니다. 이마트몰 편리하고 좋아요
65f815071d9dbce4e6c2ae6b,hy 떠먹는 윌 450g,2980,,false,jmi*******,2023.06.01,5,좋은 제품 입니다 만족해요 :)
65f815071d9dbce4e6c2ae6c,hy 떠먹는 윌 450g,2980,,false,ico*******,2023.06.01,5,생각보다 좋네요..
65f815081d9dbce4e6c2ae6d,hy 떠먹는 윌 450g,2980,,false,iri*******,2023.06.01,5,떠먹는 윌 좋습니다
65f815081d9dbce4e6c2ae6e,hy 떠먹는 윌 450g,2980,,false,wuy*******,2023.06.01,5,떠먹는 윌 대용량 좋아요
65f815081d9dbce4e6c2ae6f,hy 떠먹는 윌 450g,2980,,false,yus*******,2023.06.01,5,맛있어요 대용량 이라 좋아요
65f815081d9dbce4e6c2ae70,hy 떠먹는 윌 450g,2980,,false,Ami*******,2023.06.01,5,배송도 만족 상품도 만족합니다
65f815081d9dbce4e6c2ae71,hy 떠먹는 윌 450g,2980,,false,wls*******,2023.05.31,5,이거 맛있어요 ㅎㅎ 츄천
65f815081d9dbce4e6c2ae72,hy 떠먹는 윌 450g,2980,,false,een*******,2023.05.31,5,자주 사는 제품인데 가격 할인이라 구입했습니다.
65f815081d9dbce4e6c2ae73,hy 떠먹는 윌 450g,2980,,false,pur*******,2023.05.30,5,신제품이라 구매했는데 제입맛엔 별루였어요
65f815081d9dbce4e6c2ae74,hy 떠먹는 윌 450g,2980,,false,onl*******,2023.05.30,5,잘구매했습니다 감사합니다.
65f815091d9dbce4e6c2ae75,hy 떠먹는 윌 450g,2980,,false,shi*******,2023.05.30,5,좋아요. 맛도 약간은 특이.
65f815091d9dbce4e6c2ae76,hy 떠먹는 윌 450g,2980,,false,ros*******,2023.05.29,5,마시는 윌이랑 맛은 똑같고 떠먹는 윌이라 궁금해서 사봤네요. 좋아요.
65f8150a1d9dbce4e6c2ae77,hy 떠먹는 윌 450g,2980,,false,jhi*******,2023.05.28,5,마시는 윌도 좋았지만 떠먹는 윌도 괜찮네요. 재구매의사 있어요.
65f8150a1d9dbce4e6c2ae78,hy 떠먹는 윌 450g,2980,,false,ana*******,2023.05.26,5,윌 요거트가 나오다니! 맛있네요
65f8150a1d9dbce4e6c2ae79,hy 떠먹는 윌 450g,2980,,false,ohs*******,2023.05.26,5,아주 좋아요 ㅎㅎ 좋아요
65f8150a1d9dbce4e6c2ae7a,hy 떠먹는 윌 450g,2980,,false,tjf*******,2023.05.26,4,이마트 행사 할때만 찾아요 .. 다른 대형마트보다 비싸서 자주는 못사겠음
65f8150a1d9dbce4e6c2ae7b,hy 떠먹는 윌 450g,2980,,false,kcs*******,2023.05.25,5,떠먹는 윌이 나왔대서 사 먹었는데 계속 사고 있습니다.
65f8150a1d9dbce4e6c2ae7c,hy 떠먹는 윌 450g,2980,,false,cyh*******,2023.05.24,5,늘 사는 쓱~ 배송^^좋아요~~
65f8150a1d9dbce4e6c2ae7d,hy 떠먹는 윌 450g,2980,,false,jim*******,2023.05.23,2,달달하니 마시는 윌보다 먹기 좋아서 계속 구매해서 쓱배송으로 새로 주문한 윌 받을때 냉장고안에 1개정도 보관되어 있을만큼 떨어트리지않고 채워두는데 소비기한인것 같은데 날짜가 얼마남지 않은 제품이 배송됩니다 최근에 3번 배송에 2번꼴로 지난배송으로 받은제뿜과 새로 받은제품이 날짜가 같은경우가 있었어요 지지난배송이 그랬던것 같고 오늘 받은 제품이 19일주문해서 20일 받은제품과 날짜가 같습니다 기억이 맞다면 그앞에 1개주문했던것도 5월 27일 까지 였었던것도 같고 암튼 유통기한 없는거 보니까 5월 27일이 소비기한 같은데 저처럼 냉장고에 채워두고 떨어지지않게 구매하는 구매자 입장에선 언제까지인지 구매시 알수 있거나 조금더 소비기한이 넉넉한 제품이 왔으면 좋겠습니다
65f8150a1d9dbce4e6c2ae7e,hy 떠먹는 윌 450g,2980,,false,mom*******,2023.05.22,5,자주 재구매합니다
65f8150a1d9dbce4e6c2ae7f,hy 떠먹는 윌 450g,2980,,false,kim*******,2023.05.22,5,항상 좋아서 재구매해요.
65f8150a1d9dbce4e6c2ae80,hy 떠먹는 윌 450g,2980,,false,bbq*******,2023.05.22,5,맛있어요 즐겨먹어요
65f8150b1d9dbce4e6c2ae81,hy 떠먹는 윌 450g,2980,,false,mya*******,2023.05.22,5,좋습니다 ㅎㅎ 조아용 ㅎㅎ 좋습니다 ㅎㅎ
65f8150b1d9dbce4e6c2ae82,hy 떠먹는 윌 450g,2980,,false,dai*******,2023.05.21,5,마시는거보단 불편해도 양넉넉하고 맛도 좋고 좋네요
65f8150b1d9dbce4e6c2ae83,hy 떠먹는 윌 450g,2980,,false,nar*******,2023.05.20,5,맛있어서 자주 구매합니다. 구지뽕 열매가 들어있어서 더 건강한 제품.
65f8150b1d9dbce4e6c2ae84,hy 떠먹는 윌 450g,2980,,false,blo*******,2023.05.20,5,아주마음에듭니다 추천해요
65f8150b1d9dbce4e6c2ae85,hy 떠먹는 윌 450g,2980,,false,sej*******,2023.05.19,5,잘구매했어요 감사합니다
65f8150b1d9dbce4e6c2ae86,hy 떠먹는 윌 450g,2980,,false,jyj*******,2023.05.19,5,정확한 배송 감사합니다.
65f8150b1d9dbce4e6c2ae87,hy 떠먹는 윌 450g,2980,,false,dan*******,2023.05.19,4,약간 묽고 약간 달달하고 고소하네요
65f8150c1d9dbce4e6c2ae88,hy 떠먹는 윌 450g,2980,,false,aze*******,2023.05.19,5,좋아요 잘 샀어요.
65f8150c1d9dbce4e6c2ae89,hy 떠먹는 윌 450g,2980,,false,yk0*******,2023.05.17,5,다른 제품보다 단맛이 좀 있는 편이니 참고하세요.
65f8150c1d9dbce4e6c2ae8a,hy 떠먹는 윌 450g,2980,,false,yoo*******,2023.05.16,5,값싸고 양이 많아요 맛있는 제품이에요
65f8150d1d9dbce4e6c2ae8b,hy 떠먹는 윌 450g,2980,,false,km0*******,2023.05.16,5,오 맛있어요. 월향나네요
65f8150d1d9dbce4e6c2ae8c,hy 떠먹는 윌 450g,2980,,false,nam*******,2023.05.16,5,먹기에는 불편 기존윌 로 바꿈
65f8150d1d9dbce4e6c2ae8d,hy 떠먹는 윌 450g,2980,,false,sjh*******,2023.05.16,5,저렴하게 잘 구입했어요 좋아요
65f8150d1d9dbce4e6c2ae8e,hy 떠먹는 윌 450g,2980,,false,hya*******,2023.05.15,5,아주 좋아요 재구매ㅇㅋ
65f8150d1d9dbce4e6c2ae8f,hy 떠먹는 윌 450g,2980,,false,sci*******,2023.05.15,5,저렴하게 구입했어요
65f8150d1d9dbce4e6c2ae90,hy 떠먹는 윌 450g,2980,,false,tng*******,2023.05.14,5,좋아요 엄청나게 특별한맛은 아니어도 건강한 맛이에요
65f8150d1d9dbce4e6c2ae91,hy 떠먹는 윌 450g,2980,,false,shs*******,2023.05.14,5,떠먹는 타입이 더 맛있는 듯??
65f8150d1d9dbce4e6c2ae92,hy 떠먹는 윌 450g,2980,,false,mwh*******,2023.05.14,5,신제품은 사봐야죠.
65f8150d1d9dbce4e6c2ae93,hy 떠먹는 윌 450g,2980,,false,dlt*******,2023.05.14,5,처음 먹어보는맛 희안하게 맛있음
65f8150d1d9dbce4e6c2ae94,hy 떠먹는 윌 450g,2980,,false,lee*******,2023.05.14,5,좋아요 ㅎㅎ 재구매 각
65f8150e1d9dbce4e6c2ae95,hy 떠먹는 윌 450g,2980,,false,ey0*******,2023.05.13,5,아들이 맛있다고 잘 먹어요
65f8150e1d9dbce4e6c2ae96,hy 떠먹는 윌 450g,2980,,false,fkl*******,2023.05.13,5,평소위 안좋은데 좀당이 많지만 그릭요거트종류별로 먹어보고 새롭게도전
65f8150e1d9dbce4e6c2ae97,hy 떠먹는 윌 450g,2980,,false,ms2*******,2023.05.13,4,플레인 요거트 보다는 달아요. 마시는 윌이 더 맛나네요
65f8150e1d9dbce4e6c2ae98,hy 떠먹는 윌 450g,2980,,false,pur*******,2023.05.12,5,윌 특유의 맛은 그대로 요거트로 즐기니 더 좋네요
65f8150e1d9dbce4e6c2ae99,hy 떠먹는 윌 450g,2980,,false,moo*******,2023.05.12,5,양도 많고 효과ㅏ좋아요
65f8150e1d9dbce4e6c2ae9a,hy 떠먹는 윌 450g,2980,,false,min*******,2023.05.11,5,단맛은 별로없어서 그렇게 맛있게 느껴지진않아요
65f8150f1d9dbce4e6c2ae9b,hy 떠먹는 윌 450g,2980,,false,blu*******,2023.05.11,5,아이들이 좋아해서 자주 사요
65f8150f1d9dbce4e6c2ae9c,hy 떠먹는 윌 450g,2980,,false,wjq*******,2023.05.10,5,처음 시켜봤는데 양도많고 좋아요
65f8150f1d9dbce4e6c2ae9d,hy 떠먹는 윌 450g,2980,,false,flo*******,2023.05.09,5,양도 많고 맛있어요
65f8150f1d9dbce4e6c2ae9e,hy 떠먹는 윌 450g,2980,,false,soo*******,2023.05.09,5,그리 대용량은 아니에요.
65f815111d9dbce4e6c2ae9f,hy 떠먹는 윌 450g,2980,,false,oph*******,2023.05.02,5,쓱배송을추천합니다.
65f815111d9dbce4e6c2aea0,hy 떠먹는 윌 450g,2980,,false,oph*******,2023.05.02,5,쓱배송 추천합니다.
65f815111d9dbce4e6c2aea1,hy 떠먹는 윌 450g,2980,,false,orc*******,2023.05.02,5,좋아요 좋아요 좋아요
65f815111d9dbce4e6c2aea2,hy 떠먹는 윌 450g,2980,,false,hod*******,2023.05.02,5,궁금해서 사봤는데 만족이요 농축된 윌맛
65f815111d9dbce4e6c2aea3,hy 떠먹는 윌 450g,2980,,false,pot*******,2023.05.02,5,"익숙하진 않지만, 이런 윌도 나쁘지않아요"
65f815111d9dbce4e6c2aea4,hy 떠먹는 윌 450g,2980,,false,dae*******,2023.05.01,5,매번 구매하는 제품입니다.
65f815111d9dbce4e6c2aea5,hy 떠먹는 윌 450g,2980,,false,las*******,2023.05.01,5,쓱배송 편리하구요 좋은 상품이 특히 많아서 좋아요 감사합니다
65f815111d9dbce4e6c2aea6,hy 떠먹는 윌 450g,2980,,false,ssk*******,2023.05.01,5,뚜껑이.. 뭐랄까 잘 맞지 않아 조심해야함
65f815111d9dbce4e6c2aea7,hy 떠먹는 윌 450g,2980,,false,Nk6*******,2023.05.01,5,윌이라서반가운맘에 시켜봤어요
65f815111d9dbce4e6c2aea8,hy 떠먹는 윌 450g,2980,,false,kr1*******,2023.05.01,5,늘 구매하고 있어요.
65f815121d9dbce4e6c2aea9,hy 떠먹는 윌 450g,2980,,false,jhy*******,2023.05.01,5,좋은 가격에 구입했습니다.
65f815121d9dbce4e6c2aeaa,hy 떠먹는 윌 450g,2980,,false,jhy*******,2023.05.01,5,좋은 가격에 구입했습니다.
65f815121d9dbce4e6c2aeab,hy 떠먹는 윌 450g,2980,,false,chl*******,2023.05.01,5,양이 엄청 많아요 마시는 윌과 맛은 같아요
65f815121d9dbce4e6c2aeac,hy 떠먹는 윌 450g,2980,,false,yus*******,2023.05.01,5,대용량 이라 좋아요 ㅎㅎㅎ
65f815131d9dbce4e6c2aead,hy 떠먹는 윌 450g,2980,,false,hyd*******,2023.04.30,5,좋아요 잘먹을께요ㅎㅎㅎㅎ
65f815131d9dbce4e6c2aeae,hy 떠먹는 윌 450g,2980,,false,dd0*******,2023.04.30,5,맛있어요 ㅈ 좋아요 마시는것보다 맛잇는듯
65f815131d9dbce4e6c2aeaf,hy 떠먹는 윌 450g,2980,,false,red*******,2023.04.29,5,늘 구매하는 제품입니다
65f815131d9dbce4e6c2aeb0,hy 떠먹는 윌 450g,2980,,false,shi*******,2023.04.29,5,떠먹는 윌이 나왔다고 해서 구매해봤습니다. 맛은 마시는거랑 똑같네요ㅎㅎ
65f815131d9dbce4e6c2aeb1,hy 떠먹는 윌 450g,2980,,false,tnf*******,2023.04.28,5,마시는 것처럼 묽을까봐 걱정했는데 다행이도 그렇진 않고 맛있네여
65f815131d9dbce4e6c2aeb2,hy 떠먹는 윌 450g,2980,,false,dai*******,2023.04.24,5,떠먹는거 중 제일 맛나넹...그래도 마시는게 먹긴 편한듯
65f815141d9dbce4e6c2aeb3,hy 떠먹는 윌 450g,2980,,false,fre*******,2023.04.24,5,맛있어요 맛있어요 맛있어요
65f815141d9dbce4e6c2aeb4,hy 떠먹는 윌 450g,2980,,false,sso*******,2023.04.23,5,오~~ 떠먹는 윌 특유의 맛이 똑같네요. 자주 구매할것 같아요
65f815141d9dbce4e6c2aeb5,hy 떠먹는 윌 450g,2980,,false,lkh*******,2023.04.23,4,"신제품이라 먹어보았는데, 당도는 조금 있지만 괜찮은 것 같아요. 다른 브랜드처럼 소량 단위로 나오면 좋을 것 같아요. 구매의사 있습니다. 아무래도 크게, 통으로 나오면 여러모로 불편해서요."
65f815141d9dbce4e6c2aeb6,hy 떠먹는 윌 450g,2980,,false,ter*******,2023.04.22,5,생각보다 맛있어서 놀랐어요. 윌요구르트 맛이 나요
65f815141d9dbce4e6c2aeb7,hy 떠먹는 윌 450g,2980,,false,hwh*******,2023.04.22,5,행사때 구매했는데 만족해요
65f815141d9dbce4e6c2aeb8,hy 떠먹는 윌 450g,2980,,false,cha*******,2023.04.22,5,리뷰보구매한제품이라아직
65f815141d9dbce4e6c2aeb9,hy 떠먹는 윌 450g,2980,,false,sup*******,2023.04.20,5,양도 많고 적당히 달면서 새콤해서 맛있어요
65f815141d9dbce4e6c2aeba,hy 떠먹는 윌 450g,2980,,false,kil*******,2023.04.19,5,윌 마시는것만 먹어봤는데 신기해서 사봄
65f815141d9dbce4e6c2aebb,hy 떠먹는 윌 450g,2980,,false,ziz*******,2023.04.18,5,윌이라 사봅니다. 근데 양도 많고 맛있어요.
65f815141d9dbce4e6c2aebc,hy 떠먹는 윌 450g,2980,,false,rhk*******,2023.04.18,5,새로출시되서 사 봤는데 맛나요
65f815151d9dbce4e6c2aebd,hy 떠먹는 윌 450g,2980,,false,l16*******,2023.04.18,5,맛있고 새로워요 좋아요
65f815151d9dbce4e6c2aebe,hy 떠먹는 윌 450g,2980,,false,tjd*******,2023.04.18,5,신제품이라 호기심에 구입했어요.기대되요.
65f815151d9dbce4e6c2aebf,hy 떠먹는 윌 450g,2980,,false,psd*******,2023.04.16,5,신제품 나와서 구매해봤는데 윌은 오리지날이 나아요 ㅌ
65f815151d9dbce4e6c2aec0,hy 떠먹는 윌 450g,2980,,false,ran*******,2023.04.16,5,저렴하게 구입 했어요
65f815161d9dbce4e6c2aec1,hy 떠먹는 윌 450g,2980,,false,dk2*******,2023.04.15,5,좋아요~~좋습니다~~!
65f815161d9dbce4e6c2aec2,hy 떠먹는 윌 450g,2980,,false,rai*******,2023.04.15,5,먹다 지쳐 쓰러질 양이예요 ㅋㅋㅋ 작은 크기로도 나왔으면
65f815161d9dbce4e6c2aec3,hy 떠먹는 윌 450g,2980,,false,smn*******,2023.04.15,5,배송도 빠르고 맛도 좋아요
65f815161d9dbce4e6c2aec4,hy 떠먹는 윌 450g,2980,,false,mac*******,2023.04.14,5,신제품 아주 좋아요^^
65f815161d9dbce4e6c2aec5,hy 떠먹는 윌 450g,2980,,false,ala*******,2023.04.08,5,한번 먹고 싶어서 구입해봅니다
65f815161d9dbce4e6c2aec6,hy 떠먹는 윌 450g,2980,,false,emc*******,2024.03.16,3,맛이 약맛 화한맛이나에요
65f815171d9dbce4e6c2aec7,hy 떠먹는 윌 450g,2980,,false,fly*******,2024.03.12,3,마시는 윌을 사먹는걸로..
65f815171d9dbce4e6c2aec8,hy 떠먹는 윌 450g,2980,,false,h3i*******,2024.03.05,3,오늘도 또 주문했어요
65f815171d9dbce4e6c2aec9,hy 떠먹는 윌 450g,2980,,false,bin*******,2024.03.05,3,좀 많이 달고 묽어요
65f815171d9dbce4e6c2aeca,hy 떠먹는 윌 450g,2980,,false,ell*******,2024.03.03,3,품질 괜찮습니다. 자주 이용할께요.
65f815171d9dbce4e6c2aecb,hy 떠먹는 윌 450g,2980,,false,kki*******,2024.02.02,3,좋아요.. 좋아요.
65f815171d9dbce4e6c2aecc,hy 떠먹는 윌 450g,2980,,false,kia*******,2024.02.01,3,죄요 징요 죄요ㅗ 조이요
65f815171d9dbce4e6c2aecd,hy 떠먹는 윌 450g,2980,,false,ade*******,2024.01.31,3,마시다가 떠먹는게 궁금해서
65f815171d9dbce4e6c2aece,hy 떠먹는 윌 450g,2980,,false,ade*******,2024.01.31,3,생각보다 묽어요 ..
65f815171d9dbce4e6c2aecf,hy 떠먹는 윌 450g,2980,,false,mag*******,2024.01.21,3,저렴해서 샀는데 윌 특유의 뽕잎향이 나면서 적당히 달아요.
65f815171d9dbce4e6c2aed0,hy 떠먹는 윌 450g,2980,,false,jea*******,2024.01.16,3,이제품만 사게 되네요
65f815181d9dbce4e6c2aed1,hy 떠먹는 윌 450g,2980,,false,bp3*******,2024.01.02,3,"다른 유제품, 묵직한 그릭제품과도 섞어 먹기 좋아 우리가족 요플레 만들때 가끔 구매합니다"
65f815181d9dbce4e6c2aed2,hy 떠먹는 윌 450g,2980,,false,eeu*******,2024.01.01,3,생각보다 많이 물었어요 맛이 없어서 재구매 안할래
65f815181d9dbce4e6c2aed3,hy 떠먹는 윌 450g,2980,,false,sun*******,2023.09.23,4,좋아요 좋아요 좋아요
65f815181d9dbce4e6c2aed4,hy 떠먹는 윌 450g,2980,,false,sun*******,2023.09.17,4,좋아요 좋아요 좋아요
65f815191d9dbce4e6c2aed5,hy 떠먹는 윌 450g,2980,,false,iam*******,2023.09.11,4,배송이 빠릅니다. 감사합니다
65f815191d9dbce4e6c2aed6,hy 떠먹는 윌 450g,2980,,false,H49*******,2023.09.07,4,배송 기사님께 감사드립니다.
65f815191d9dbce4e6c2aed7,hy 떠먹는 윌 450g,2980,,false,geu*******,2023.09.03,4,재구매 했어요 잘 받았습니다
65f815191d9dbce4e6c2aed8,hy 떠먹는 윌 450g,2980,,false,hub*******,2023.09.02,4,그냥 그럭저럭 맛있진 않는데 건강해지는 것 같아요
65f815191d9dbce4e6c2aed9,hy 떠먹는 윌 450g,2980,,false,qui*******,2023.09.01,4,"평소 구매하던 건데,, 자주애용합니다."
65f815191d9dbce4e6c2aeda,hy 떠먹는 윌 450g,2980,,false,syy*******,2023.08.29,4,조금 달달한 편~~
65f8151a1d9dbce4e6c2aedb,hy 떠먹는 윌 450g,2980,,false,068*******,2023.08.23,4,떠먹는 맛과 마시는윌 느낌이 달라요
65f8151a1d9dbce4e6c2aedc,hy 떠먹는 윌 450g,2980,,false,sij*******,2023.08.23,4,떠먹는 윌은 처음 구매해봄
65f8151a1d9dbce4e6c2aedd,hy 떠먹는 윌 450g,2980,,false,san*******,2023.08.17,4,감사합니다 잘받았어요
65f8151a1d9dbce4e6c2aede,hy 떠먹는 윌 450g,2980,,false,kim*******,2023.08.06,4,맛있어요 맛있어요 또 주문할게요
65f8151a1d9dbce4e6c2aedf,hy 떠먹는 윌 450g,2980,,false,san*******,2023.08.03,4,감사합니다 잘받았어요
65f8151a1d9dbce4e6c2aee0,hy 떠먹는 윌 450g,2980,,false,cjs*******,2023.08.02,4,만족합니다. 재 구매 의사 있습니다.
65f8151a1d9dbce4e6c2aee1,hy 떠먹는 윌 450g,2980,,false,skj*******,2023.07.12,4,유통기한이 짧은게 와서 아쉽네요
65f8151a1d9dbce4e6c2aee2,hy 떠먹는 윌 450g,2980,,false,chu*******,2023.07.12,4,야쿠르트 떠먹는 윌
65f8151a1d9dbce4e6c2aee3,hy 떠먹는 윌 450g,2980,,false,bjw*******,2023.07.11,4,맛있어요 바이오와 이 두가지만 주문합니다.
65f8151a1d9dbce4e6c2aee4,hy 떠먹는 윌 450g,2980,,false,win*******,2023.07.10,4,윌이랑 맛 똑같아요
65f8151b1d9dbce4e6c2aee5,hy 떠먹는 윌 450g,2980,,false,H49*******,2023.07.05,4,한번 먹다보니 가끔 구매하게 되네요.
65f8151b1d9dbce4e6c2aee6,hy 떠먹는 윌 450g,2980,,false,ycs*******,2023.07.03,4,괜찮아요.위에 좋다고해서..
65f8151b1d9dbce4e6c2aee7,hy 떠먹는 윌 450g,2980,,false,bjw*******,2023.07.02,4,새롭고 맛있어서 계속 구입했어요 이젠 살짝 물려서 다른제품 구입했네요
65f8151c1d9dbce4e6c2aee8,hy 떠먹는 윌 450g,2980,,false,geu*******,2023.07.01,4,잘 받았습니다 감사합니다
65f8151c1d9dbce4e6c2aee9,hy 떠먹는 윌 450g,2980,,false,fas*******,2023.07.01,3,값이 많이 올라서 아껴먹어요
65f8151c1d9dbce4e6c2aeea,hy 떠먹는 윌 450g,2980,,false,sma*******,2023.06.18,4,항상 윌을 먹는데 요거트는 어떨까 싶어서 사봤어요. 양이 많아서 한 번에 다 먹진 못해요 그냥 원래 월 먹을 거 같아요
65f8151c1d9dbce4e6c2aeeb,hy 떠먹는 윌 450g,2980,,false,str*******,2023.12.31,3,예전에 먹었던 맛이 아니네요 입맛에 안맞음
65f8151c1d9dbce4e6c2aeec,hy 떠먹는 윌 450g,2980,,false,seg*******,2023.11.19,3,감사합니다감사합니다
65f8151c1d9dbce4e6c2aeed,hy 떠먹는 윌 450g,2980,,false,lov*******,2023.11.09,3,잘받았습니다 만족합니다
65f8151c1d9dbce4e6c2aeee,hy 떠먹는 윌 450g,2980,,false,ji7*******,2023.11.05,3,첨구매했는데 저는 별루에요. 마시는윌이 훨맛있음
65f8151d1d9dbce4e6c2aeef,hy 떠먹는 윌 450g,2980,,false,hnj*******,2023.10.10,3,좋아요 좋아서 삼요
65f8151d1d9dbce4e6c2aef0,hy 떠먹는 윌 450g,2980,,false,eki*******,2023.10.01,3,기대했는데 첫술에 막걸리 맛이나요
65f8151d1d9dbce4e6c2aef1,hy 떠먹는 윌 450g,2980,,false,ham*******,2023.09.06,3,약간 걸죽하고 마시는 윌의 떠먹는 버전 맛있어요. 다만 배송중에 제품파손아 있어서 여러모로 번거롭네요
65f8151d1d9dbce4e6c2aef2,hy 떠먹는 윌 450g,2980,,false,bjw*******,2023.06.29,4,몇번째 주문하네여 맛이 괜찮아요 견과류 넎어아침으로 좋아요
65f8151d1d9dbce4e6c2aef3,hy 떠먹는 윌 450g,2980,,false,too*******,2023.06.13,4,자주 구매하는 상품~! 괜찮습니다.
65f8151d1d9dbce4e6c2aef4,hy 떠먹는 윌 450g,2980,,false,H49*******,2023.06.12,4,좋아서 또 구매했어요.
65f8151d1d9dbce4e6c2aef5,hy 떠먹는 윌 450g,2980,,false,ham*******,2023.06.11,4,마시는 윌이랑 맛은같아요 떠먹는 요거트버전
65f8151d1d9dbce4e6c2aef6,hy 떠먹는 윌 450g,2980,,false,eve*******,2023.06.09,4,상품을 잘 받았습니다.
65f8151d1d9dbce4e6c2aef7,hy 떠먹는 윌 450g,2980,,false,big*******,2023.06.01,4,한통에 든거라 먹기에 부담스러워요
65f8151d1d9dbce4e6c2aef8,hy 떠먹는 윌 450g,2980,,false,eun*******,2023.05.23,4,맛있어요 추천합니다
65f8151f1d9dbce4e6c2aef9,hy 떠먹는 윌 450g,2980,,false,vic*******,2024.01.20,1,포장진짜 화나게 그럴거에요? 적어도내용물안보이게 집앞배송해주셔야죠 비닐봉지안에 다보이도록 그것도 현관앞에 세워둔것도아니고 버린것처럼 널부러지게 왜그럽니까? 작게사서그래요? 작게사도 돈주고산겁니다 진짜 반품하려다 참았으니 다음엔 내용물이안보이게 배송해주세요 이번에는 너무했어요
65f815201d9dbce4e6c2aefa,hy 떠먹는 윌 450g,2980,,false,min*******,2023.09.23,3,"마시는 윌이라고 해서 사봤는데,,드링킹이 낫네요"
65f815201d9dbce4e6c2aefb,hy 떠먹는 윌 450g,2980,,false,soo*******,2023.09.13,3,떠먹는 윌은 저지방이 없어 아쉬워요
65f815201d9dbce4e6c2aefc,hy 떠먹는 윌 450g,2980,,false,k12*******,2023.09.12,3,아주 실망스러운 맛이에요 개인적으로 제입맛에는 안맞아요
65f815201d9dbce4e6c2aefd,hy 떠먹는 윌 450g,2980,,false,bp3*******,2023.09.08,3,윌을 생각했는데 생각보다 많이 달아요. 그래도 먹기 편해 좋네요
65f815201d9dbce4e6c2aefe,hy 떠먹는 윌 450g,2980,,false,lit*******,2023.09.05,3,좀 불편.. 걍 마시는게 나아요
65f815201d9dbce4e6c2aeff,hy 떠먹는 윌 450g,2980,,false,eki*******,2023.09.01,3,마시는것보단 못해요
65f815201d9dbce4e6c2af00,hy 떠먹는 윌 450g,2980,,false,aod*******,2023.08.31,3,감사합니다 잘 받았습니다
65f815201d9dbce4e6c2af01,hy 떠먹는 윌 450g,2980,,false,okm*******,2023.08.29,3,자주 구매합니다. 맛있어요.
65f815201d9dbce4e6c2af02,hy 떠먹는 윌 450g,2980,,false,yjk*******,2023.08.26,3,너무 달아요. 그냥 마시는거 더 나은듯
65f815211d9dbce4e6c2af03,hy 떠먹는 윌 450g,2980,,false,lil*******,2023.08.05,3,윌은 그냥 마시는게 최고 ^^
65f815211d9dbce4e6c2af04,hy 떠먹는 윌 450g,2980,,false,yun*******,2023.08.01,3,가격적당해서 좋습니다
65f815211d9dbce4e6c2af05,hy 떠먹는 윌 450g,2980,,false,seg*******,2023.07.13,3,감사합니다고맙습니다
65f815211d9dbce4e6c2af06,hy 떠먹는 윌 450g,2980,,false,lee*******,2023.07.11,3,상품을 잘 받았습니다 감사합니다
65f815211d9dbce4e6c2af07,hy 떠먹는 윌 450g,2980,,false,dks*******,2023.07.10,3,맛있게 잘 먹을게요
65f815211d9dbce4e6c2af08,hy 떠먹는 윌 450g,2980,,false,yun*******,2023.07.04,3,가격적당해서 좋습니다
65f815211d9dbce4e6c2af09,hy 떠먹는 윌 450g,2980,,false,qbx*******,2023.12.07,1,3개 주문 한것중 한개 터지고 한개 눌림..교환신청 해서 담날 교환하기로.. 기사님이 다 터져서 줄줄 세는 걸 놔두고 가서 진짜 화났었음..또 전화했더니 담날 교환하기로..이런건 위에 놔라 쫌
65f815211d9dbce4e6c2af0a,hy 떠먹는 윌 450g,2980,,false,dal*******,2023.11.28,2,배송에 감사드리며 세일가에 만족합니다. 마시는 윌이 더 맛나요
65f815211d9dbce4e6c2af0b,hy 떠먹는 윌 450g,2980,,false,pio*******,2023.10.31,2,매번 밀패부분이 터져서 왔어요.
65f815211d9dbce4e6c2af0c,hy 떠먹는 윌 450g,2980,,false,bak*******,2023.10.31,2,아쉽게도 맛은 있었으나 터져서와서 먹을까말까 고민했어요.. 이런경우는 첨이라!!!
65f815221d9dbce4e6c2af0d,hy 떠먹는 윌 450g,2980,,false,lol*******,2023.10.02,1,약간 구린내가 ㅜㅠ
65f815231d9dbce4e6c2af0e,hy 떠먹는 윌 450g,2980,,false,seg*******,2023.06.27,3,맛있네요잘받았습니다
65f815231d9dbce4e6c2af0f,hy 떠먹는 윌 450g,2980,,false,aze*******,2023.06.19,3,이건좀..마시는게 나아요
65f815231d9dbce4e6c2af10,hy 떠먹는 윌 450g,2980,,false,yun*******,2023.06.11,3,가격적당해서 좋습니다
65f815231d9dbce4e6c2af11,hy 떠먹는 윌 450g,2980,,false,min*******,2023.05.30,3,맛이 조금 아쉬운 편
65f815231d9dbce4e6c2af12,hy 떠먹는 윌 450g,2980,,false,bsk*******,2023.05.29,3,으~~ 윌은 마시는거루.. 농도도 떠먹는게 아니라 거의 마겨야하는 수준입니다..
65f815231d9dbce4e6c2af13,hy 떠먹는 윌 450g,2980,,false,lgc*******,2023.05.20,3,떨어뜨리지 않고 시킵니다
65f815231d9dbce4e6c2af14,hy 떠먹는 윌 450g,2980,,false,kan*******,2023.05.18,3,맛은 같은데 덜어먹기가 불편하네요
65f815231d9dbce4e6c2af15,hy 떠먹는 윌 450g,2980,,false,gal*******,2023.05.17,3,아들이 좋아하네요ㅎㅎ
65f815231d9dbce4e6c2af16,hy 떠먹는 윌 450g,2980,,false,bit*******,2023.05.06,3,자주 애용하는 제품
65f815241d9dbce4e6c2af17,hy 떠먹는 윌 450g,2980,,false,kje*******,2023.05.05,3,생각보다 달아서 별로 ㅠ
65f815241d9dbce4e6c2af18,hy 떠먹는 윌 450g,2980,,false,san*******,2023.05.04,3,사무실용으로 구입했어요.
65f815241d9dbce4e6c2af19,hy 떠먹는 윌 450g,2980,,false,sta*******,2023.04.25,3,"비싸지만, 먹어봐야죠"
65f815241d9dbce4e6c2af1a,hy 떠먹는 윌 450g,2980,,false,lej*******,2023.04.24,3,떠먹는 윌과 마시는 윌의 맛 차이가 좀 나는데 그냥 요거트 먹는 느낌
65f815241d9dbce4e6c2af1b,hy 떠먹는 윌 450g,2980,,false,twi*******,2023.04.19,3,궁금해서 사봤어요 양이 많아요
65f815241d9dbce4e6c2af1c,hy 떠먹는 윌 450g,2980,,false,hil*******,2024.03.16,1,2주동안 품절이라 짜증남 물건좀 빨리빨리 공수 합시다
65f815241d9dbce4e6c2af1d,hy 떠먹는 윌 450g,2980,,false,jos*******,2024.01.29,1,가격좋아구매했는데 구성분 젤라틴 먹고후회
65f815241d9dbce4e6c2af1e,hy 떠먹는 윌 450g,2980,,false,ohs*******,2024.01.08,1,단거 좋아하는 분이라면 추천합니다
65f815241d9dbce4e6c2af1f,hy 떠먹는 윌 450g,2980,,false,joo*******,2023.12.24,1,최악입니다. 먹지 못하고 버림. 남들 파는거보고 따라 만들었는데. 영 아닌 향과 질감
65f815241d9dbce4e6c2af20,hy 떠먹는 윌 450g,2980,,false,kan*******,2023.11.17,1,맛도 좋고 부담 없이 먹을수 있어 좋아요
65f815251d9dbce4e6c2af21,hy 떠먹는 윌 450g,2980,,false,min*******,2023.05.16,2,유통기한도 짧고 개봉후 하루이틀 지나면 살짝 시다
65f815261d9dbce4e6c2af22,hy 떠먹는 윌 450g,2980,,false,kjs*******,2023.05.13,2,너무 기대했나봐요ㅜ마시는 요구르트보다 별로
65f815261d9dbce4e6c2af23,hy 떠먹는 윌 450g,2980,,false,ide*******,2023.07.06,1,3일남은 재고 보내줌 ㅡ.ㅡ
65f815261d9dbce4e6c2af24,hy 떠먹는 윌 450g,2980,,false,mjy*******,2023.04.29,1,윌은 그냥 마세는게 100배낫습니다. 궁금해서 샀는데.먹기가.힘드네요. 윌맛에 걸쭉하게 전분 풀어논것같아요
65f815261d9dbce4e6c2af25,hy 떠먹는 윌 450g,2980,,false,iso*******,2023.05.12,1,간단하게 이용하기좋아요 간단하게 이용하기좋아요
